,allele,seq_num,start,end,length,peptide,core,icore,ic50,percentile_rank,Sequence id,Sequence Description
0,HLA-A*02:03,1,5,13,9,GMAIALAVI,GMAIALAVI,GMAIALAVI,13.54,0.21,sp|O14625|CXL11_HUMAN,C-X-C motif chemokine 11 OS=Homo sapiens OX=9606 GN=CXCL11 PE=1 SV=1
1,HLA-A*03:01,1,18,26,9,VVQGFPMFK,VVQGFPMFK,VVQGFPMFK,10.89,0.02,sp|O14625|CXL11_HUMAN,C-X-C motif chemokine 11 OS=Homo sapiens OX=9606 GN=CXCL11 PE=1 SV=1
2,HLA-A*11:01,1,18,26,9,VVQGFPMFK,VVQGFPMFK,VVQGFPMFK,3.88,0.01,sp|O14625|CXL11_HUMAN,C-X-C motif chemokine 11 OS=Homo sapiens OX=9606 GN=CXCL11 PE=1 SV=1
3,HLA-A*30:01,1,78,86,9,KSKQARLII,KSKQARLII,KSKQARLII,12.8,0.05,sp|O14625|CXL11_HUMAN,C-X-C motif chemokine 11 OS=Homo sapiens OX=9606 GN=CXCL11 PE=1 SV=1
4,HLA-A*02:01,1,8,16,9,FLLGIILLV,FLLGIILLV,FLLGIILLV,5.86,0.05,sp|Q07325|CXCL9_HUMAN,C-X-C motif chemokine 9 OS=Homo sapiens OX=9606 GN=CXCL9 PE=1 SV=1
5,HLA-A*02:06,1,8,16,9,FLLGIILLV,FLLGIILLV,FLLGIILLV,8.6,0.06,sp|Q07325|CXCL9_HUMAN,C-X-C motif chemokine 9 OS=Homo sapiens OX=9606 GN=CXCL9 PE=1 SV=1
6,HLA-A*11:01,1,39,47,9,GTIHLQSLK,GTIHLQSLK,GTIHLQSLK,8.61,0.02,sp|Q07325|CXCL9_HUMAN,C-X-C motif chemokine 9 OS=Homo sapiens OX=9606 GN=CXCL9 PE=1 SV=1
7,HLA-A*02:03,1,45,53,9,RLAAGVLSA,RLAAGVLSA,RLAAGVLSA,8.66,0.12,sp|Q8TAD2|IL17D_HUMAN,Interleukin-17D OS=Homo sapiens OX=9606 GN=IL17D PE=2 SV=1
8,HLA-A*02:03,1,1,9,9,MLVAGFLLA,MLVAGFLLA,MLVAGFLLA,12.86,0.19,sp|Q8TAD2|IL17D_HUMAN,Interleukin-17D OS=Homo sapiens OX=9606 GN=IL17D PE=2 SV=1
9,HLA-A*24:02,1,155,163,9,VYTEAYVTI,VYTEAYVTI,VYTEAYVTI,13.48,0.03,sp|Q8TAD2|IL17D_HUMAN,Interleukin-17D OS=Homo sapiens OX=9606 GN=IL17D PE=2 SV=1
10,HLA-A*30:01,1,130,138,9,RFRSAPVYM,RFRSAPVYM,RFRSAPVYM,10.05,0.03,sp|Q8TAD2|IL17D_HUMAN,Interleukin-17D OS=Homo sapiens OX=9606 GN=IL17D PE=2 SV=1
11,HLA-A*31:01,1,89,97,9,RSVSPWAYR,RSVSPWAYR,RSVSPWAYR,3.42,0.02,sp|Q8TAD2|IL17D_HUMAN,Interleukin-17D OS=Homo sapiens OX=9606 GN=IL17D PE=2 SV=1
12,HLA-A*31:01,1,81,89,9,RFRPPTNLR,RFRPPTNLR,RFRPPTNLR,7.53,0.04,sp|Q8TAD2|IL17D_HUMAN,Interleukin-17D OS=Homo sapiens OX=9606 GN=IL17D PE=2 SV=1
13,HLA-B*07:02,1,18,26,9,APRAGRRPA,APRAGRRPA,APRAGRRPA,7.21,0.03,sp|Q8TAD2|IL17D_HUMAN,Interleukin-17D OS=Homo sapiens OX=9606 GN=IL17D PE=2 SV=1
14,HLA-B*07:02,1,24,32,9,RPARPRGCA,RPARPRGCA,RPARPRGCA,10.89,0.03,sp|Q8TAD2|IL17D_HUMAN,Interleukin-17D OS=Homo sapiens OX=9606 GN=IL17D PE=2 SV=1
15,HLA-B*35:01,1,105,113,9,YPRYLPEAY,YPRYLPEAY,YPRYLPEAY,5.36,0.02,sp|Q8TAD2|IL17D_HUMAN,Interleukin-17D OS=Homo sapiens OX=9606 GN=IL17D PE=2 SV=1
16,HLA-B*35:01,1,46,54,9,LAAGVLSAF,LAAGVLSAF,LAAGVLSAF,7.55,0.02,sp|Q8TAD2|IL17D_HUMAN,Interleukin-17D OS=Homo sapiens OX=9606 GN=IL17D PE=2 SV=1
17,HLA-B*35:01,1,92,100,9,SPWAYRISY,SPWAYRISY,SPWAYRISY,8.82,0.02,sp|Q8TAD2|IL17D_HUMAN,Interleukin-17D OS=Homo sapiens OX=9606 GN=IL17D PE=2 SV=1
18,HLA-A*02:01,1,17,25,9,QLIPSVIAV,QLIPSVIAV,QLIPSVIAV,11.24,0.11,sp|Q8WXI8|CLC4D_HUMAN,C-type lectin domain family 4 member D OS=Homo sapiens OX=9606 GN=CLEC4D PE=1 SV=2
19,HLA-A*02:01,1,91,99,9,FQSNCYFPL,FQSNCYFPL,FQSNCYFPL,11.78,0.11,sp|Q8WXI8|CLC4D_HUMAN,C-type lectin domain family 4 member D OS=Homo sapiens OX=9606 GN=CLEC4D PE=1 SV=2
20,HLA-A*02:03,1,17,25,9,QLIPSVIAV,QLIPSVIAV,QLIPSVIAV,6.56,0.08,sp|Q8WXI8|CLC4D_HUMAN,C-type lectin domain family 4 member D OS=Homo sapiens OX=9606 GN=CLEC4D PE=1 SV=2
21,HLA-A*02:03,1,114,122,9,GMGAHLMTI,GMGAHLMTI,GMGAHLMTI,7.22,0.08,sp|Q8WXI8|CLC4D_HUMAN,C-type lectin domain family 4 member D OS=Homo sapiens OX=9606 GN=CLEC4D PE=1 SV=2
22,HLA-A*02:03,1,118,126,9,HLMTISTEA,HLMTISTEA,HLMTISTEA,10.85,0.15,sp|Q8WXI8|CLC4D_HUMAN,C-type lectin domain family 4 member D OS=Homo sapiens OX=9606 GN=CLEC4D PE=1 SV=2
23,HLA-A*02:06,1,91,99,9,FQSNCYFPL,FQSNCYFPL,FQSNCYFPL,4.39,0.03,sp|Q8WXI8|CLC4D_HUMAN,C-type lectin domain family 4 member D OS=Homo sapiens OX=9606 GN=CLEC4D PE=1 SV=2
24,HLA-A*02:06,1,17,25,9,QLIPSVIAV,QLIPSVIAV,QLIPSVIAV,9.82,0.08,sp|Q8WXI8|CLC4D_HUMAN,C-type lectin domain family 4 member D OS=Homo sapiens OX=9606 GN=CLEC4D PE=1 SV=2
25,HLA-A*31:01,1,138,146,9,RLSYFLGLR,RLSYFLGLR,RLSYFLGLR,12.83,0.06,sp|Q8WXI8|CLC4D_HUMAN,C-type lectin domain family 4 member D OS=Homo sapiens OX=9606 GN=CLEC4D PE=1 SV=2
26,HLA-B*35:01,1,19,27,9,IPSVIAVVF,IPSVIAVVF,IPSVIAVVF,6.92,0.02,sp|Q8WXI8|CLC4D_HUMAN,C-type lectin domain family 4 member D OS=Homo sapiens OX=9606 GN=CLEC4D PE=1 SV=2
27,HLA-B*44:03,1,179,187,9,GENCVVLVY,GENCVVLVY,GENCVVLVY,13.15,0.02,sp|Q8WXI8|CLC4D_HUMAN,C-type lectin domain family 4 member D OS=Homo sapiens OX=9606 GN=CLEC4D PE=1 SV=2
28,HLA-B*44:03,1,126,134,9,AEQNFIIQF,AEQNFIIQF,AEQNFIIQF,13.28,0.02,sp|Q8WXI8|CLC4D_HUMAN,C-type lectin domain family 4 member D OS=Homo sapiens OX=9606 GN=CLEC4D PE=1 SV=2
29,HLA-B*53:01,1,97,105,9,FPLTDNKTW,FPLTDNKTW,FPLTDNKTW,8.17,0.02,sp|Q8WXI8|CLC4D_HUMAN,C-type lectin domain family 4 member D OS=Homo sapiens OX=9606 GN=CLEC4D PE=1 SV=2
30,HLA-B*58:01,1,89,97,9,RAFQSNCYF,RAFQSNCYF,RAFQSNCYF,9.87,0.06,sp|Q8WXI8|CLC4D_HUMAN,C-type lectin domain family 4 member D OS=Homo sapiens OX=9606 GN=CLEC4D PE=1 SV=2
31,HLA-A*02:01,1,424,432,9,LIADDFPGV,LIADDFPGV,LIADDFPGV,8.65,0.08,sp|P09238|MMP10_HUMAN,Stromelysin-2 OS=Homo sapiens OX=9606 GN=MMP10 PE=1 SV=1
32,HLA-A*02:03,1,424,432,9,LIADDFPGV,LIADDFPGV,LIADDFPGV,6.15,0.07,sp|P09238|MMP10_HUMAN,Stromelysin-2 OS=Homo sapiens OX=9606 GN=MMP10 PE=1 SV=1
33,HLA-A*02:06,1,424,432,9,LIADDFPGV,LIADDFPGV,LIADDFPGV,3.22,0.02,sp|P09238|MMP10_HUMAN,Stromelysin-2 OS=Homo sapiens OX=9606 GN=MMP10 PE=1 SV=1
34,HLA-A*02:06,1,138,146,9,KVWEEVTPL,KVWEEVTPL,KVWEEVTPL,9.28,0.07,sp|P09238|MMP10_HUMAN,Stromelysin-2 OS=Homo sapiens OX=9606 GN=MMP10 PE=1 SV=1
35,HLA-A*02:06,1,326,334,9,HLISAFWPS,HLISAFWPS,HLISAFWPS,12.75,0.12,sp|P09238|MMP10_HUMAN,Stromelysin-2 OS=Homo sapiens OX=9606 GN=MMP10 PE=1 SV=1
36,HLA-A*03:01,1,398,406,9,KTYFFAADK,KTYFFAADK,KTYFFAADK,10.47,0.02,sp|P09238|MMP10_HUMAN,Stromelysin-2 OS=Homo sapiens OX=9606 GN=MMP10 PE=1 SV=1
37,HLA-A*11:01,1,398,406,9,KTYFFAADK,KTYFFAADK,KTYFFAADK,8.06,0.02,sp|P09238|MMP10_HUMAN,Stromelysin-2 OS=Homo sapiens OX=9606 GN=MMP10 PE=1 SV=1
38,HLA-A*11:01,1,99,107,9,FSSFPGMPK,FSSFPGMPK,FSSFPGMPK,11.29,0.04,sp|P09238|MMP10_HUMAN,Stromelysin-2 OS=Homo sapiens OX=9606 GN=MMP10 PE=1 SV=1
39,HLA-A*23:01,1,447,455,9,YFFSGSSQF,YFFSGSSQF,YFFSGSSQF,10.66,0.03,sp|P09238|MMP10_HUMAN,Stromelysin-2 OS=Homo sapiens OX=9606 GN=MMP10 PE=1 SV=1
40,HLA-A*30:01,1,110,118,9,KTHLTYRIV,KTHLTYRIV,KTHLTYRIV,11.96,0.04,sp|P09238|MMP10_HUMAN,Stromelysin-2 OS=Homo sapiens OX=9606 GN=MMP10 PE=1 SV=1
41,HLA-A*31:01,1,355,363,9,KGNEFWAIR,KGNEFWAIR,KGNEFWAIR,13.3,0.06,sp|P09238|MMP10_HUMAN,Stromelysin-2 OS=Homo sapiens OX=9606 GN=MMP10 PE=1 SV=1
42,HLA-A*31:01,1,307,315,9,FFKDRYFWR,FFKDRYFWR,FFKDRYFWR,13.82,0.07,sp|P09238|MMP10_HUMAN,Stromelysin-2 OS=Homo sapiens OX=9606 GN=MMP10 PE=1 SV=1
43,HLA-A*33:01,1,307,315,9,FFKDRYFWR,FFKDRYFWR,FFKDRYFWR,4.83,0.01,sp|P09238|MMP10_HUMAN,Stromelysin-2 OS=Homo sapiens OX=9606 GN=MMP10 PE=1 SV=1
44,HLA-A*68:01,1,142,150,9,EVTPLTFSR,EVTPLTFSR,EVTPLTFSR,4.96,0.03,sp|P09238|MMP10_HUMAN,Stromelysin-2 OS=Homo sapiens OX=9606 GN=MMP10 PE=1 SV=1
45,HLA-A*68:01,1,99,107,9,FSSFPGMPK,FSSFPGMPK,FSSFPGMPK,8.67,0.06,sp|P09238|MMP10_HUMAN,Stromelysin-2 OS=Homo sapiens OX=9606 GN=MMP10 PE=1 SV=1
46,HLA-A*68:01,1,415,423,9,QSMEQGFPR,QSMEQGFPR,QSMEQGFPR,11.96,0.11,sp|P09238|MMP10_HUMAN,Stromelysin-2 OS=Homo sapiens OX=9606 GN=MMP10 PE=1 SV=1
47,HLA-B*07:02,1,285,293,9,MPAKCDPAL,MPAKCDPAL,MPAKCDPAL,13.33,0.04,sp|P09238|MMP10_HUMAN,Stromelysin-2 OS=Homo sapiens OX=9606 GN=MMP10 PE=1 SV=1
48,HLA-B*08:01,1,105,113,9,MPKWRKTHL,MPKWRKTHL,MPKWRKTHL,14.25,0.03,sp|P09238|MMP10_HUMAN,Stromelysin-2 OS=Homo sapiens OX=9606 GN=MMP10 PE=1 SV=1
49,HLA-B*15:01,1,234,242,9,LMYPLYNSF,LMYPLYNSF,LMYPLYNSF,6.48,0.02,sp|P09238|MMP10_HUMAN,Stromelysin-2 OS=Homo sapiens OX=9606 GN=MMP10 PE=1 SV=1
50,HLA-B*15:01,1,440,448,9,LQAFGFFYF,LQAFGFFYF,LQAFGFFYF,11.94,0.03,sp|P09238|MMP10_HUMAN,Stromelysin-2 OS=Homo sapiens OX=9606 GN=MMP10 PE=1 SV=1
51,HLA-B*35:01,1,335,343,9,LPSYLDAAY,LPSYLDAAY,LPSYLDAAY,2.35,0.01,sp|P09238|MMP10_HUMAN,Stromelysin-2 OS=Homo sapiens OX=9606 GN=MMP10 PE=1 SV=1
52,HLA-B*35:01,1,285,293,9,MPAKCDPAL,MPAKCDPAL,MPAKCDPAL,4.75,0.02,sp|P09238|MMP10_HUMAN,Stromelysin-2 OS=Homo sapiens OX=9606 GN=MMP10 PE=1 SV=1
53,HLA-B*35:01,1,12,20,9,LPVCSAYPL,LPVCSAYPL,LPVCSAYPL,6.4,0.02,sp|P09238|MMP10_HUMAN,Stromelysin-2 OS=Homo sapiens OX=9606 GN=MMP10 PE=1 SV=1
54,HLA-B*40:01,1,217,225,9,HELGHSLGL,HELGHSLGL,HELGHSLGL,14.31,0.04,sp|P09238|MMP10_HUMAN,Stromelysin-2 OS=Homo sapiens OX=9606 GN=MMP10 PE=1 SV=1
55,HLA-B*57:01,1,100,108,9,SSFPGMPKW,SSFPGMPKW,SSFPGMPKW,9.29,0.02,sp|P09238|MMP10_HUMAN,Stromelysin-2 OS=Homo sapiens OX=9606 GN=MMP10 PE=1 SV=1
56,HLA-B*58:01,1,100,108,9,SSFPGMPKW,SSFPGMPKW,SSFPGMPKW,4.92,0.02,sp|P09238|MMP10_HUMAN,Stromelysin-2 OS=Homo sapiens OX=9606 GN=MMP10 PE=1 SV=1
57,HLA-B*58:01,1,352,360,9,FIFKGNEFW,FIFKGNEFW,FIFKGNEFW,14.43,0.08,sp|P09238|MMP10_HUMAN,Stromelysin-2 OS=Homo sapiens OX=9606 GN=MMP10 PE=1 SV=1
58,HLA-A*02:01,1,124,132,9,MLFDRIRLV,MLFDRIRLV,MLFDRIRLV,4.87,0.03,sp|Q9NP99|TREM1_HUMAN,Triggering receptor expressed on myeloid cells 1 OS=Homo sapiens OX=9606 GN=TREM1 PE=1 SV=1
59,HLA-A*02:01,1,5,13,9,RLWGLLWML,RLWGLLWML,RLWGLLWML,5.18,0.04,sp|Q9NP99|TREM1_HUMAN,Triggering receptor expressed on myeloid cells 1 OS=Homo sapiens OX=9606 GN=TREM1 PE=1 SV=1
60,HLA-A*02:01,1,219,227,9,LVFSVLFAV,LVFSVLFAV,LVFSVLFAV,10.65,0.1,sp|Q9NP99|TREM1_HUMAN,Triggering receptor expressed on myeloid cells 1 OS=Homo sapiens OX=9606 GN=TREM1 PE=1 SV=1
61,HLA-A*02:03,1,124,132,9,MLFDRIRLV,MLFDRIRLV,MLFDRIRLV,2.26,0.02,sp|Q9NP99|TREM1_HUMAN,Triggering receptor expressed on myeloid cells 1 OS=Homo sapiens OX=9606 GN=TREM1 PE=1 SV=1
62,HLA-A*02:06,1,219,227,9,LVFSVLFAV,LVFSVLFAV,LVFSVLFAV,5.5,0.04,sp|Q9NP99|TREM1_HUMAN,Triggering receptor expressed on myeloid cells 1 OS=Homo sapiens OX=9606 GN=TREM1 PE=1 SV=1
63,HLA-A*02:06,1,5,13,9,RLWGLLWML,RLWGLLWML,RLWGLLWML,8.51,0.06,sp|Q9NP99|TREM1_HUMAN,Triggering receptor expressed on myeloid cells 1 OS=Homo sapiens OX=9606 GN=TREM1 PE=1 SV=1
64,HLA-A*02:06,1,124,132,9,MLFDRIRLV,MLFDRIRLV,MLFDRIRLV,9.12,0.07,sp|Q9NP99|TREM1_HUMAN,Triggering receptor expressed on myeloid cells 1 OS=Homo sapiens OX=9606 GN=TREM1 PE=1 SV=1
65,HLA-A*11:01,1,170,178,9,RTVTQAPPK,RTVTQAPPK,RTVTQAPPK,11.02,0.04,sp|Q9NP99|TREM1_HUMAN,Triggering receptor expressed on myeloid cells 1 OS=Homo sapiens OX=9606 GN=TREM1 PE=1 SV=1
66,HLA-A*30:01,1,97,105,9,RVRMVNLQV,RVRMVNLQV,RVRMVNLQV,3.89,0.02,sp|Q9NP99|TREM1_HUMAN,Triggering receptor expressed on myeloid cells 1 OS=Homo sapiens OX=9606 GN=TREM1 PE=1 SV=1
67,HLA-A*30:01,1,170,178,9,RTVTQAPPK,RTVTQAPPK,RTVTQAPPK,10.0,0.03,sp|Q9NP99|TREM1_HUMAN,Triggering receptor expressed on myeloid cells 1 OS=Homo sapiens OX=9606 GN=TREM1 PE=1 SV=1
68,HLA-A*68:01,1,76,84,9,NSHPVQVGR,NSHPVQVGR,NSHPVQVGR,6.94,0.05,sp|Q9NP99|TREM1_HUMAN,Triggering receptor expressed on myeloid cells 1 OS=Homo sapiens OX=9606 GN=TREM1 PE=1 SV=1
69,HLA-A*68:01,1,222,230,9,SVLFAVTLR,SVLFAVTLR,SVLFAVTLR,11.46,0.1,sp|Q9NP99|TREM1_HUMAN,Triggering receptor expressed on myeloid cells 1 OS=Homo sapiens OX=9606 GN=TREM1 PE=1 SV=1
70,HLA-A*68:02,1,219,227,9,LVFSVLFAV,LVFSVLFAV,LVFSVLFAV,11.19,0.08,sp|Q9NP99|TREM1_HUMAN,Triggering receptor expressed on myeloid cells 1 OS=Homo sapiens OX=9606 GN=TREM1 PE=1 SV=1
71,HLA-B*07:02,1,72,80,9,RPSKNSHPV,RPSKNSHPV,RPSKNSHPV,7.6,0.03,sp|Q9NP99|TREM1_HUMAN,Triggering receptor expressed on myeloid cells 1 OS=Homo sapiens OX=9606 GN=TREM1 PE=1 SV=1
72,HLA-B*08:01,1,95,103,9,LLRVRMVNL,LLRVRMVNL,LLRVRMVNL,12.91,0.02,sp|Q9NP99|TREM1_HUMAN,Triggering receptor expressed on myeloid cells 1 OS=Homo sapiens OX=9606 GN=TREM1 PE=1 SV=1
73,HLA-B*57:01,1,3,11,9,KTRLWGLLW,KTRLWGLLW,KTRLWGLLW,9.84,0.02,sp|Q9NP99|TREM1_HUMAN,Triggering receptor expressed on myeloid cells 1 OS=Homo sapiens OX=9606 GN=TREM1 PE=1 SV=1
74,HLA-B*58:01,1,217,225,9,KSLVFSVLF,KSLVFSVLF,KSLVFSVLF,12.11,0.07,sp|Q9NP99|TREM1_HUMAN,Triggering receptor expressed on myeloid cells 1 OS=Homo sapiens OX=9606 GN=TREM1 PE=1 SV=1
75,HLA-B*58:01,1,3,11,9,KTRLWGLLW,KTRLWGLLW,KTRLWGLLW,14.32,0.08,sp|Q9NP99|TREM1_HUMAN,Triggering receptor expressed on myeloid cells 1 OS=Homo sapiens OX=9606 GN=TREM1 PE=1 SV=1
76,HLA-A*02:03,1,367,375,9,FLVAGGSLA,FLVAGGSLA,FLVAGGSLA,7.65,0.09,sp|P08887|IL6RA_HUMAN,Interleukin-6 receptor subunit alpha OS=Homo sapiens OX=9606 GN=IL6R PE=1 SV=1
77,HLA-A*02:03,1,1,9,9,MLAVGCALL,MLAVGCALL,MLAVGCALL,10.21,0.14,sp|P08887|IL6RA_HUMAN,Interleukin-6 receptor subunit alpha OS=Homo sapiens OX=9606 GN=IL6R PE=1 SV=1
78,HLA-A*02:03,1,12,20,9,LLAAPGAAL,LLAAPGAAL,LLAAPGAAL,13.4,0.2,sp|P08887|IL6RA_HUMAN,Interleukin-6 receptor subunit alpha OS=Homo sapiens OX=9606 GN=IL6R PE=1 SV=1
79,HLA-A*03:01,1,263,271,9,KTFTTWMVK,KTFTTWMVK,KTFTTWMVK,10.43,0.02,sp|P08887|IL6RA_HUMAN,Interleukin-6 receptor subunit alpha OS=Homo sapiens OX=9606 GN=IL6R PE=1 SV=1
80,HLA-A*11:01,1,56,64,9,ATVHWVLRK,ATVHWVLRK,ATVHWVLRK,6.75,0.02,sp|P08887|IL6RA_HUMAN,Interleukin-6 receptor subunit alpha OS=Homo sapiens OX=9606 GN=IL6R PE=1 SV=1
81,HLA-A*11:01,1,263,271,9,KTFTTWMVK,KTFTTWMVK,KTFTTWMVK,6.99,0.02,sp|P08887|IL6RA_HUMAN,Interleukin-6 receptor subunit alpha OS=Homo sapiens OX=9606 GN=IL6R PE=1 SV=1
82,HLA-A*11:01,1,242,250,9,HSWNSSFYR,HSWNSSFYR,HSWNSSFYR,14.36,0.06,sp|P08887|IL6RA_HUMAN,Interleukin-6 receptor subunit alpha OS=Homo sapiens OX=9606 GN=IL6R PE=1 SV=1
83,HLA-A*30:01,1,263,271,9,KTFTTWMVK,KTFTTWMVK,KTFTTWMVK,4.63,0.02,sp|P08887|IL6RA_HUMAN,Interleukin-6 receptor subunit alpha OS=Homo sapiens OX=9606 GN=IL6R PE=1 SV=1
84,HLA-A*30:01,1,390,398,9,KTWKLRALK,KTWKLRALK,KTWKLRALK,11.42,0.04,sp|P08887|IL6RA_HUMAN,Interleukin-6 receptor subunit alpha OS=Homo sapiens OX=9606 GN=IL6R PE=1 SV=1
85,HLA-A*30:01,1,261,269,9,RSKTFTTWM,RSKTFTTWM,RSKTFTTWM,12.36,0.05,sp|P08887|IL6RA_HUMAN,Interleukin-6 receptor subunit alpha OS=Homo sapiens OX=9606 GN=IL6R PE=1 SV=1
86,HLA-A*31:01,1,242,250,9,HSWNSSFYR,HSWNSSFYR,HSWNSSFYR,3.19,0.02,sp|P08887|IL6RA_HUMAN,Interleukin-6 receptor subunit alpha OS=Homo sapiens OX=9606 GN=IL6R PE=1 SV=1
87,HLA-A*31:01,1,250,258,9,RLRFELRYR,RLRFELRYR,RLRFELRYR,7.33,0.03,sp|P08887|IL6RA_HUMAN,Interleukin-6 receptor subunit alpha OS=Homo sapiens OX=9606 GN=IL6R PE=1 SV=1
88,HLA-A*31:01,1,390,398,9,KTWKLRALK,KTWKLRALK,KTWKLRALK,7.45,0.03,sp|P08887|IL6RA_HUMAN,Interleukin-6 receptor subunit alpha OS=Homo sapiens OX=9606 GN=IL6R PE=1 SV=1
89,HLA-A*31:01,1,387,395,9,RFKKTWKLR,RFKKTWKLR,RFKKTWKLR,11.46,0.05,sp|P08887|IL6RA_HUMAN,Interleukin-6 receptor subunit alpha OS=Homo sapiens OX=9606 GN=IL6R PE=1 SV=1
90,HLA-A*33:01,1,242,250,9,HSWNSSFYR,HSWNSSFYR,HSWNSSFYR,13.3,0.02,sp|P08887|IL6RA_HUMAN,Interleukin-6 receptor subunit alpha OS=Homo sapiens OX=9606 GN=IL6R PE=1 SV=1
91,HLA-A*33:01,1,93,101,9,NYSCYRAGR,NYSCYRAGR,NYSCYRAGR,14.56,0.02,sp|P08887|IL6RA_HUMAN,Interleukin-6 receptor subunit alpha OS=Homo sapiens OX=9606 GN=IL6R PE=1 SV=1
92,HLA-A*68:01,1,242,250,9,HSWNSSFYR,HSWNSSFYR,HSWNSSFYR,4.56,0.03,sp|P08887|IL6RA_HUMAN,Interleukin-6 receptor subunit alpha OS=Homo sapiens OX=9606 GN=IL6R PE=1 SV=1
93,HLA-B*07:02,1,419,427,9,RPTPVLVPL,RPTPVLVPL,RPTPVLVPL,6.53,0.03,sp|P08887|IL6RA_HUMAN,Interleukin-6 receptor subunit alpha OS=Homo sapiens OX=9606 GN=IL6R PE=1 SV=1
94,HLA-B*07:02,1,417,425,9,RPRPTPVLV,RPRPTPVLV,RPRPTPVLV,9.22,0.03,sp|P08887|IL6RA_HUMAN,Interleukin-6 receptor subunit alpha OS=Homo sapiens OX=9606 GN=IL6R PE=1 SV=1
95,HLA-B*07:02,1,101,109,9,RPAGTVHLL,RPAGTVHLL,RPAGTVHLL,10.42,0.03,sp|P08887|IL6RA_HUMAN,Interleukin-6 receptor subunit alpha OS=Homo sapiens OX=9606 GN=IL6R PE=1 SV=1
96,HLA-B*15:01,1,368,376,9,LVAGGSLAF,LVAGGSLAF,LVAGGSLAF,12.78,0.03,sp|P08887|IL6RA_HUMAN,Interleukin-6 receptor subunit alpha OS=Homo sapiens OX=9606 GN=IL6R PE=1 SV=1
97,HLA-B*35:01,1,368,376,9,LVAGGSLAF,LVAGGSLAF,LVAGGSLAF,14.15,0.04,sp|P08887|IL6RA_HUMAN,Interleukin-6 receptor subunit alpha OS=Homo sapiens OX=9606 GN=IL6R PE=1 SV=1
98,HLA-B*40:01,1,323,331,9,AENEVSTPM,AENEVSTPM,AENEVSTPM,10.32,0.03,sp|P08887|IL6RA_HUMAN,Interleukin-6 receptor subunit alpha OS=Homo sapiens OX=9606 GN=IL6R PE=1 SV=1
99,HLA-B*57:01,1,236,244,9,VTWQDPHSW,VTWQDPHSW,VTWQDPHSW,8.99,0.02,sp|P08887|IL6RA_HUMAN,Interleukin-6 receptor subunit alpha OS=Homo sapiens OX=9606 GN=IL6R PE=1 SV=1
100,HLA-B*58:01,1,236,244,9,VTWQDPHSW,VTWQDPHSW,VTWQDPHSW,4.23,0.02,sp|P08887|IL6RA_HUMAN,Interleukin-6 receptor subunit alpha OS=Homo sapiens OX=9606 GN=IL6R PE=1 SV=1
101,HLA-A*02:01,1,15,23,9,SLWGAVVGA,SLWGAVVGA,SLWGAVVGA,13.52,0.13,sp|Q15109|RAGE_HUMAN,Advanced glycosylation end product-specific receptor OS=Homo sapiens OX=9606 GN=AGER PE=1 SV=1
102,HLA-A*02:06,1,352,360,9,GTAALLIGV,GTAALLIGV,GTAALLIGV,8.41,0.06,sp|Q15109|RAGE_HUMAN,Advanced glycosylation end product-specific receptor OS=Homo sapiens OX=9606 GN=AGER PE=1 SV=1
103,HLA-A*02:06,1,118,126,9,YQIPGKPEI,YQIPGKPEI,YQIPGKPEI,8.5,0.06,sp|Q15109|RAGE_HUMAN,Advanced glycosylation end product-specific receptor OS=Homo sapiens OX=9606 GN=AGER PE=1 SV=1
104,HLA-A*30:01,1,114,122,9,RVRVYQIPG,RVRVYQIPG,RVRVYQIPG,8.15,0.03,sp|Q15109|RAGE_HUMAN,Advanced glycosylation end product-specific receptor OS=Homo sapiens OX=9606 GN=AGER PE=1 SV=1
105,HLA-A*68:01,1,208,216,9,CSFSPGLPR,CSFSPGLPR,CSFSPGLPR,9.55,0.07,sp|Q15109|RAGE_HUMAN,Advanced glycosylation end product-specific receptor OS=Homo sapiens OX=9606 GN=AGER PE=1 SV=1
106,HLA-A*68:02,1,129,137,9,SASELTAGV,SASELTAGV,SASELTAGV,5.64,0.03,sp|Q15109|RAGE_HUMAN,Advanced glycosylation end product-specific receptor OS=Homo sapiens OX=9606 GN=AGER PE=1 SV=1
107,HLA-A*68:02,1,352,360,9,GTAALLIGV,GTAALLIGV,GTAALLIGV,12.47,0.09,sp|Q15109|RAGE_HUMAN,Advanced glycosylation end product-specific receptor OS=Homo sapiens OX=9606 GN=AGER PE=1 SV=1
108,HLA-A*68:02,1,133,141,9,LTAGVPNKV,LTAGVPNKV,LTAGVPNKV,13.69,0.1,sp|Q15109|RAGE_HUMAN,Advanced glycosylation end product-specific receptor OS=Homo sapiens OX=9606 GN=AGER PE=1 SV=1
109,HLA-A*02:01,1,209,217,9,ILDTLDIFL,ILDTLDIFL,ILDTLDIFL,10.51,0.09,sp|P15085|CBPA1_HUMAN,Carboxypeptidase A1 OS=Homo sapiens OX=9606 GN=CPA1 PE=1 SV=2
110,HLA-A*02:03,1,6,14,9,VLSVLLGAV,VLSVLLGAV,VLSVLLGAV,7.8,0.09,sp|P15085|CBPA1_HUMAN,Carboxypeptidase A1 OS=Homo sapiens OX=9606 GN=CPA1 PE=1 SV=2
111,HLA-A*02:03,1,88,96,9,TMIEDVQSL,TMIEDVQSL,TMIEDVQSL,10.19,0.14,sp|P15085|CBPA1_HUMAN,Carboxypeptidase A1 OS=Homo sapiens OX=9606 GN=CPA1 PE=1 SV=2
112,HLA-A*02:03,1,135,143,9,LVAENPHLV,LVAENPHLV,LVAENPHLV,14.1,0.22,sp|P15085|CBPA1_HUMAN,Carboxypeptidase A1 OS=Homo sapiens OX=9606 GN=CPA1 PE=1 SV=2
113,HLA-A*02:06,1,185,193,9,TQASGVWFA,TQASGVWFA,TQASGVWFA,7.41,0.05,sp|P15085|CBPA1_HUMAN,Carboxypeptidase A1 OS=Homo sapiens OX=9606 GN=CPA1 PE=1 SV=2
114,HLA-A*02:06,1,88,96,9,TMIEDVQSL,TMIEDVQSL,TMIEDVQSL,14.34,0.14,sp|P15085|CBPA1_HUMAN,Carboxypeptidase A1 OS=Homo sapiens OX=9606 GN=CPA1 PE=1 SV=2
115,HLA-A*03:01,1,311,319,9,LLMYPYGYK,LLMYPYGYK,LLMYPYGYK,6.6,0.02,sp|P15085|CBPA1_HUMAN,Carboxypeptidase A1 OS=Homo sapiens OX=9606 GN=CPA1 PE=1 SV=2
116,HLA-A*11:01,1,311,319,9,LLMYPYGYK,LLMYPYGYK,LLMYPYGYK,14.25,0.06,sp|P15085|CBPA1_HUMAN,Carboxypeptidase A1 OS=Homo sapiens OX=9606 GN=CPA1 PE=1 SV=2
117,HLA-A*30:01,1,238,246,9,KTRSHTAGS,KTRSHTAGS,KTRSHTAGS,6.22,0.02,sp|P15085|CBPA1_HUMAN,Carboxypeptidase A1 OS=Homo sapiens OX=9606 GN=CPA1 PE=1 SV=2
118,HLA-A*31:01,1,374,382,9,KYSFTFELR,KYSFTFELR,KYSFTFELR,11.96,0.05,sp|P15085|CBPA1_HUMAN,Carboxypeptidase A1 OS=Homo sapiens OX=9606 GN=CPA1 PE=1 SV=2
119,HLA-A*33:01,1,104,112,9,MFAFRSRAR,MFAFRSRAR,MFAFRSRAR,12.57,0.02,sp|P15085|CBPA1_HUMAN,Carboxypeptidase A1 OS=Homo sapiens OX=9606 GN=CPA1 PE=1 SV=2
120,HLA-A*68:01,1,226,234,9,FAFTHSTNR,FAFTHSTNR,FAFTHSTNR,6.44,0.04,sp|P15085|CBPA1_HUMAN,Carboxypeptidase A1 OS=Homo sapiens OX=9606 GN=CPA1 PE=1 SV=2
121,HLA-A*68:01,1,186,194,9,QASGVWFAK,QASGVWFAK,QASGVWFAK,9.75,0.08,sp|P15085|CBPA1_HUMAN,Carboxypeptidase A1 OS=Homo sapiens OX=9606 GN=CPA1 PE=1 SV=2
122,HLA-A*68:02,1,285,293,9,EVKSIVDFV,EVKSIVDFV,EVKSIVDFV,7.2,0.05,sp|P15085|CBPA1_HUMAN,Carboxypeptidase A1 OS=Homo sapiens OX=9606 GN=CPA1 PE=1 SV=2
123,HLA-B*07:02,1,55,63,9,GPAHPGSPI,GPAHPGSPI,GPAHPGSPI,7.57,0.03,sp|P15085|CBPA1_HUMAN,Carboxypeptidase A1 OS=Homo sapiens OX=9606 GN=CPA1 PE=1 SV=2
124,HLA-B*07:02,1,61,69,9,SPIDVRVPF,SPIDVRVPF,SPIDVRVPF,11.64,0.04,sp|P15085|CBPA1_HUMAN,Carboxypeptidase A1 OS=Homo sapiens OX=9606 GN=CPA1 PE=1 SV=2
125,HLA-B*35:01,1,61,69,9,SPIDVRVPF,SPIDVRVPF,SPIDVRVPF,6.05,0.02,sp|P15085|CBPA1_HUMAN,Carboxypeptidase A1 OS=Homo sapiens OX=9606 GN=CPA1 PE=1 SV=2
126,HLA-B*40:01,1,152,160,9,YEGRPIYVL,YEGRPIYVL,YEGRPIYVL,12.8,0.03,sp|P15085|CBPA1_HUMAN,Carboxypeptidase A1 OS=Homo sapiens OX=9606 GN=CPA1 PE=1 SV=2
127,HLA-A*02:01,1,589,597,9,VLDDFVSTI,VLDDFVSTI,VLDDFVSTI,13.27,0.12,sp|P14210|HGF_HUMAN,Hepatocyte growth factor OS=Homo sapiens OX=9606 GN=HGF PE=1 SV=2
128,HLA-A*23:01,1,711,719,9,YYAKWIHKI,YYAKWIHKI,YYAKWIHKI,4.79,0.02,sp|P14210|HGF_HUMAN,Hepatocyte growth factor OS=Homo sapiens OX=9606 GN=HGF PE=1 SV=2
129,HLA-A*24:02,1,711,719,9,YYAKWIHKI,YYAKWIHKI,YYAKWIHKI,4.52,0.02,sp|P14210|HGF_HUMAN,Hepatocyte growth factor OS=Homo sapiens OX=9606 GN=HGF PE=1 SV=2
130,HLA-A*31:01,1,160,168,9,HSFLPSSYR,HSFLPSSYR,HSFLPSSYR,5.9,0.03,sp|P14210|HGF_HUMAN,Hepatocyte growth factor OS=Homo sapiens OX=9606 GN=HGF PE=1 SV=2
131,HLA-A*31:01,1,212,220,9,MTCNGESYR,MTCNGESYR,MTCNGESYR,14.11,0.07,sp|P14210|HGF_HUMAN,Hepatocyte growth factor OS=Homo sapiens OX=9606 GN=HGF PE=1 SV=2
132,HLA-A*32:01,1,134,142,9,RSYKGTVSI,RSYKGTVSI,RSYKGTVSI,9.92,0.02,sp|P14210|HGF_HUMAN,Hepatocyte growth factor OS=Homo sapiens OX=9606 GN=HGF PE=1 SV=2
133,HLA-A*68:01,1,160,168,9,HSFLPSSYR,HSFLPSSYR,HSFLPSSYR,3.19,0.01,sp|P14210|HGF_HUMAN,Hepatocyte growth factor OS=Homo sapiens OX=9606 GN=HGF PE=1 SV=2
134,HLA-A*68:01,1,212,220,9,MTCNGESYR,MTCNGESYR,MTCNGESYR,5.4,0.03,sp|P14210|HGF_HUMAN,Hepatocyte growth factor OS=Homo sapiens OX=9606 GN=HGF PE=1 SV=2
135,HLA-A*68:01,1,65,73,9,NTADQCANR,NTADQCANR,NTADQCANR,6.8,0.04,sp|P14210|HGF_HUMAN,Hepatocyte growth factor OS=Homo sapiens OX=9606 GN=HGF PE=1 SV=2
136,HLA-A*68:01,1,385,393,9,MSHGQDCYR,MSHGQDCYR,MSHGQDCYR,11.16,0.1,sp|P14210|HGF_HUMAN,Hepatocyte growth factor OS=Homo sapiens OX=9606 GN=HGF PE=1 SV=2
137,HLA-A*68:01,1,504,512,9,NIGWMVSLR,NIGWMVSLR,NIGWMVSLR,11.98,0.11,sp|P14210|HGF_HUMAN,Hepatocyte growth factor OS=Homo sapiens OX=9606 GN=HGF PE=1 SV=2
138,HLA-A*68:02,1,366,374,9,FTTDPNIRV,FTTDPNIRV,FTTDPNIRV,11.78,0.08,sp|P14210|HGF_HUMAN,Hepatocyte growth factor OS=Homo sapiens OX=9606 GN=HGF PE=1 SV=2
139,HLA-B*15:01,1,154,162,9,SMIPHEHSF,SMIPHEHSF,SMIPHEHSF,11.86,0.03,sp|P14210|HGF_HUMAN,Hepatocyte growth factor OS=Homo sapiens OX=9606 GN=HGF PE=1 SV=2
140,HLA-B*40:01,1,110,118,9,KEFGHEFDL,KEFGHEFDL,KEFGHEFDL,14.88,0.04,sp|P14210|HGF_HUMAN,Hepatocyte growth factor OS=Homo sapiens OX=9606 GN=HGF PE=1 SV=2
141,HLA-B*57:01,1,609,617,9,KTSCSVYGW,KTSCSVYGW,KTSCSVYGW,7.48,0.02,sp|P14210|HGF_HUMAN,Hepatocyte growth factor OS=Homo sapiens OX=9606 GN=HGF PE=1 SV=2
142,HLA-B*58:01,1,609,617,9,KTSCSVYGW,KTSCSVYGW,KTSCSVYGW,3.88,0.02,sp|P14210|HGF_HUMAN,Hepatocyte growth factor OS=Homo sapiens OX=9606 GN=HGF PE=1 SV=2
143,HLA-B*58:01,1,272,280,9,YTLDPHTRW,YTLDPHTRW,YTLDPHTRW,8.98,0.05,sp|P14210|HGF_HUMAN,Hepatocyte growth factor OS=Homo sapiens OX=9606 GN=HGF PE=1 SV=2
144,HLA-B*58:01,1,407,415,9,RSGLTCSMW,RSGLTCSMW,RSGLTCSMW,10.11,0.06,sp|P14210|HGF_HUMAN,Hepatocyte growth factor OS=Homo sapiens OX=9606 GN=HGF PE=1 SV=2
145,HLA-A*01:01,1,303,311,9,TTDGRSDGY,TTDGRSDGY,TTDGRSDGY,8.29,0.01,sp|P14780|MMP9_HUMAN,Matrix metalloproteinase-9 OS=Homo sapiens OX=9606 GN=MMP9 PE=1 SV=3
146,HLA-A*02:01,1,554,562,9,FLIADKWPA,FLIADKWPA,FLIADKWPA,2.96,0.02,sp|P14780|MMP9_HUMAN,Matrix metalloproteinase-9 OS=Homo sapiens OX=9606 GN=MMP9 PE=1 SV=3
147,HLA-A*02:01,1,146,154,9,ALWSAVTPL,ALWSAVTPL,ALWSAVTPL,7.06,0.06,sp|P14780|MMP9_HUMAN,Matrix metalloproteinase-9 OS=Homo sapiens OX=9606 GN=MMP9 PE=1 SV=3
148,HLA-A*02:01,1,2,10,9,SLWQPLVLV,SLWQPLVLV,SLWQPLVLV,10.08,0.09,sp|P14780|MMP9_HUMAN,Matrix metalloproteinase-9 OS=Homo sapiens OX=9606 GN=MMP9 PE=1 SV=3
149,HLA-A*02:03,1,554,562,9,FLIADKWPA,FLIADKWPA,FLIADKWPA,4.21,0.04,sp|P14780|MMP9_HUMAN,Matrix metalloproteinase-9 OS=Homo sapiens OX=9606 GN=MMP9 PE=1 SV=3
150,HLA-A*02:03,1,605,613,9,GLGADVAQV,GLGADVAQV,GLGADVAQV,11.2,0.15,sp|P14780|MMP9_HUMAN,Matrix metalloproteinase-9 OS=Homo sapiens OX=9606 GN=MMP9 PE=1 SV=3
151,HLA-A*02:03,1,562,570,9,ALPRKLDSV,ALPRKLDSV,ALPRKLDSV,12.77,0.19,sp|P14780|MMP9_HUMAN,Matrix metalloproteinase-9 OS=Homo sapiens OX=9606 GN=MMP9 PE=1 SV=3
152,HLA-A*02:06,1,554,562,9,FLIADKWPA,FLIADKWPA,FLIADKWPA,3.3,0.02,sp|P14780|MMP9_HUMAN,Matrix metalloproteinase-9 OS=Homo sapiens OX=9606 GN=MMP9 PE=1 SV=3
153,HLA-A*11:01,1,569,577,9,SVFEERLSK,SVFEERLSK,SVFEERLSK,7.39,0.02,sp|P14780|MMP9_HUMAN,Matrix metalloproteinase-9 OS=Homo sapiens OX=9606 GN=MMP9 PE=1 SV=3
154,HLA-A*31:01,1,677,685,9,RFYWRVSSR,RFYWRVSSR,RFYWRVSSR,3.87,0.02,sp|P14780|MMP9_HUMAN,Matrix metalloproteinase-9 OS=Homo sapiens OX=9606 GN=MMP9 PE=1 SV=3
155,HLA-A*31:01,1,154,162,9,LTFTRVYSR,LTFTRVYSR,LTFTRVYSR,5.29,0.03,sp|P14780|MMP9_HUMAN,Matrix metalloproteinase-9 OS=Homo sapiens OX=9606 GN=MMP9 PE=1 SV=3
156,HLA-A*31:01,1,538,546,9,KYWRFSEGR,KYWRFSEGR,KYWRFSEGR,8.39,0.04,sp|P14780|MMP9_HUMAN,Matrix metalloproteinase-9 OS=Homo sapiens OX=9606 GN=MMP9 PE=1 SV=3
157,HLA-A*31:01,1,324,332,9,KLFGFCPTR,KLFGFCPTR,KLFGFCPTR,10.02,0.04,sp|P14780|MMP9_HUMAN,Matrix metalloproteinase-9 OS=Homo sapiens OX=9606 GN=MMP9 PE=1 SV=3
158,HLA-A*31:01,1,48,56,9,YLYRYGYTR,YLYRYGYTR,YLYRYGYTR,12.03,0.05,sp|P14780|MMP9_HUMAN,Matrix metalloproteinase-9 OS=Homo sapiens OX=9606 GN=MMP9 PE=1 SV=3
159,HLA-A*31:01,1,623,631,9,KMLLFSGRR,KMLLFSGRR,KMLLFSGRR,12.86,0.06,sp|P14780|MMP9_HUMAN,Matrix metalloproteinase-9 OS=Homo sapiens OX=9606 GN=MMP9 PE=1 SV=3
160,HLA-A*31:01,1,90,98,9,TLKAMRTPR,TLKAMRTPR,TLKAMRTPR,13.34,0.07,sp|P14780|MMP9_HUMAN,Matrix metalloproteinase-9 OS=Homo sapiens OX=9606 GN=MMP9 PE=1 SV=3
161,HLA-A*32:01,1,574,582,9,RLSKKLFFF,RLSKKLFFF,RLSKKLFFF,14.61,0.02,sp|P14780|MMP9_HUMAN,Matrix metalloproteinase-9 OS=Homo sapiens OX=9606 GN=MMP9 PE=1 SV=3
162,HLA-A*33:01,1,660,668,9,DTHDVFQYR,DTHDVFQYR,DTHDVFQYR,7.05,0.01,sp|P14780|MMP9_HUMAN,Matrix metalloproteinase-9 OS=Homo sapiens OX=9606 GN=MMP9 PE=1 SV=3
163,HLA-A*33:01,1,154,162,9,LTFTRVYSR,LTFTRVYSR,LTFTRVYSR,8.09,0.01,sp|P14780|MMP9_HUMAN,Matrix metalloproteinase-9 OS=Homo sapiens OX=9606 GN=MMP9 PE=1 SV=3
164,HLA-A*33:01,1,416,424,9,EALMYPMYR,EALMYPMYR,EALMYPMYR,12.73,0.02,sp|P14780|MMP9_HUMAN,Matrix metalloproteinase-9 OS=Homo sapiens OX=9606 GN=MMP9 PE=1 SV=3
165,HLA-A*68:01,1,660,668,9,DTHDVFQYR,DTHDVFQYR,DTHDVFQYR,4.94,0.03,sp|P14780|MMP9_HUMAN,Matrix metalloproteinase-9 OS=Homo sapiens OX=9606 GN=MMP9 PE=1 SV=3
166,HLA-A*68:01,1,154,162,9,LTFTRVYSR,LTFTRVYSR,LTFTRVYSR,5.88,0.03,sp|P14780|MMP9_HUMAN,Matrix metalloproteinase-9 OS=Homo sapiens OX=9606 GN=MMP9 PE=1 SV=3
167,HLA-A*68:01,1,416,424,9,EALMYPMYR,EALMYPMYR,EALMYPMYR,6.66,0.04,sp|P14780|MMP9_HUMAN,Matrix metalloproteinase-9 OS=Homo sapiens OX=9606 GN=MMP9 PE=1 SV=3
168,HLA-A*68:01,1,241,249,9,YSACTTDGR,YSACTTDGR,YSACTTDGR,9.28,0.07,sp|P14780|MMP9_HUMAN,Matrix metalloproteinase-9 OS=Homo sapiens OX=9606 GN=MMP9 PE=1 SV=3
169,HLA-A*68:01,1,299,307,9,YSACTTDGR,YSACTTDGR,YSACTTDGR,9.28,0.07,sp|P14780|MMP9_HUMAN,Matrix metalloproteinase-9 OS=Homo sapiens OX=9606 GN=MMP9 PE=1 SV=3
170,HLA-A*68:01,1,87,95,9,DSATLKAMR,DSATLKAMR,DSATLKAMR,12.76,0.12,sp|P14780|MMP9_HUMAN,Matrix metalloproteinase-9 OS=Homo sapiens OX=9606 GN=MMP9 PE=1 SV=3
171,HLA-A*68:02,1,519,527,9,NIFDAIAEI,NIFDAIAEI,NIFDAIAEI,12.32,0.09,sp|P14780|MMP9_HUMAN,Matrix metalloproteinase-9 OS=Homo sapiens OX=9606 GN=MMP9 PE=1 SV=3
172,HLA-B*07:02,1,20,28,9,APRQRQSTL,APRQRQSTL,APRQRQSTL,2.95,0.01,sp|P14780|MMP9_HUMAN,Matrix metalloproteinase-9 OS=Homo sapiens OX=9606 GN=MMP9 PE=1 SV=3
173,HLA-B*07:02,1,563,571,9,LPRKLDSVF,LPRKLDSVF,LPRKLDSVF,12.7,0.04,sp|P14780|MMP9_HUMAN,Matrix metalloproteinase-9 OS=Homo sapiens OX=9606 GN=MMP9 PE=1 SV=3
174,HLA-B*07:02,1,96,104,9,TPRCGVPDL,TPRCGVPDL,TPRCGVPDL,13.11,0.04,sp|P14780|MMP9_HUMAN,Matrix metalloproteinase-9 OS=Homo sapiens OX=9606 GN=MMP9 PE=1 SV=3
175,HLA-B*35:01,1,414,422,9,VPEALMYPM,VPEALMYPM,VPEALMYPM,10.28,0.03,sp|P14780|MMP9_HUMAN,Matrix metalloproteinase-9 OS=Homo sapiens OX=9606 GN=MMP9 PE=1 SV=3
176,HLA-B*35:01,1,657,665,9,VPLDTHDVF,VPLDTHDVF,VPLDTHDVF,14.38,0.04,sp|P14780|MMP9_HUMAN,Matrix metalloproteinase-9 OS=Homo sapiens OX=9606 GN=MMP9 PE=1 SV=3
177,HLA-B*40:01,1,401,409,9,HEFGHALGL,HEFGHALGL,HEFGHALGL,6.89,0.02,sp|P14780|MMP9_HUMAN,Matrix metalloproteinase-9 OS=Homo sapiens OX=9606 GN=MMP9 PE=1 SV=3
178,HLA-B*40:01,1,525,533,9,AEIGNQLYL,AEIGNQLYL,AEIGNQLYL,13.38,0.03,sp|P14780|MMP9_HUMAN,Matrix metalloproteinase-9 OS=Homo sapiens OX=9606 GN=MMP9 PE=1 SV=3
179,HLA-B*58:01,1,108,116,9,QTFEGDLKW,QTFEGDLKW,QTFEGDLKW,5.12,0.02,sp|P14780|MMP9_HUMAN,Matrix metalloproteinase-9 OS=Homo sapiens OX=9606 GN=MMP9 PE=1 SV=3
180,HLA-B*58:01,1,148,156,9,WSAVTPLTF,WSAVTPLTF,WSAVTPLTF,12.26,0.07,sp|P14780|MMP9_HUMAN,Matrix metalloproteinase-9 OS=Homo sapiens OX=9606 GN=MMP9 PE=1 SV=3
181,HLA-A*01:01,1,395,403,9,FVDNQYWRY,FVDNQYWRY,FVDNQYWRY,8.1,0.01,sp|P39900|MMP12_HUMAN,Macrophage metalloelastase OS=Homo sapiens OX=9606 GN=MMP12 PE=1 SV=1
182,HLA-A*02:01,1,319,327,9,NLISSLWPT,NLISSLWPT,NLISSLWPT,7.77,0.07,sp|P39900|MMP12_HUMAN,Macrophage metalloelastase OS=Homo sapiens OX=9606 GN=MMP12 PE=1 SV=1
183,HLA-A*02:01,1,409,417,9,MMDPGYPKL,MMDPGYPKL,MMDPGYPKL,10.94,0.1,sp|P39900|MMP12_HUMAN,Macrophage metalloelastase OS=Homo sapiens OX=9606 GN=MMP12 PE=1 SV=1
184,HLA-A*02:03,1,235,243,9,VMFPTYKYV,VMFPTYKYV,VMFPTYKYV,8.11,0.1,sp|P39900|MMP12_HUMAN,Macrophage metalloelastase OS=Homo sapiens OX=9606 GN=MMP12 PE=1 SV=1
185,HLA-A*02:03,1,86,94,9,MMHAPRCGV,MMHAPRCGV,MMHAPRCGV,10.44,0.14,sp|P39900|MMP12_HUMAN,Macrophage metalloelastase OS=Homo sapiens OX=9606 GN=MMP12 PE=1 SV=1
186,HLA-A*02:03,1,319,327,9,NLISSLWPT,NLISSLWPT,NLISSLWPT,12.77,0.19,sp|P39900|MMP12_HUMAN,Macrophage metalloelastase OS=Homo sapiens OX=9606 GN=MMP12 PE=1 SV=1
187,HLA-A*02:06,1,447,455,9,NQFEYDFLL,NQFEYDFLL,NQFEYDFLL,5.78,0.04,sp|P39900|MMP12_HUMAN,Macrophage metalloelastase OS=Homo sapiens OX=9606 GN=MMP12 PE=1 SV=1
188,HLA-A*02:06,1,319,327,9,NLISSLWPT,NLISSLWPT,NLISSLWPT,6.62,0.05,sp|P39900|MMP12_HUMAN,Macrophage metalloelastase OS=Homo sapiens OX=9606 GN=MMP12 PE=1 SV=1
189,HLA-A*02:06,1,132,140,9,YAIRKAFQV,YAIRKAFQV,YAIRKAFQV,11.29,0.11,sp|P39900|MMP12_HUMAN,Macrophage metalloelastase OS=Homo sapiens OX=9606 GN=MMP12 PE=1 SV=1
190,HLA-A*11:01,1,383,391,9,AVFNPRFYR,AVFNPRFYR,AVFNPRFYR,4.31,0.01,sp|P39900|MMP12_HUMAN,Macrophage metalloelastase OS=Homo sapiens OX=9606 GN=MMP12 PE=1 SV=1
191,HLA-A*11:01,1,233,241,9,KAVMFPTYK,KAVMFPTYK,KAVMFPTYK,8.91,0.02,sp|P39900|MMP12_HUMAN,Macrophage metalloelastase OS=Homo sapiens OX=9606 GN=MMP12 PE=1 SV=1
192,HLA-A*11:01,1,408,416,9,QMMDPGYPK,QMMDPGYPK,QMMDPGYPK,9.13,0.03,sp|P39900|MMP12_HUMAN,Macrophage metalloelastase OS=Homo sapiens OX=9606 GN=MMP12 PE=1 SV=1
193,HLA-A*11:01,1,428,436,9,KIDAVFYSK,KIDAVFYSK,KIDAVFYSK,14.59,0.06,sp|P39900|MMP12_HUMAN,Macrophage metalloelastase OS=Homo sapiens OX=9606 GN=MMP12 PE=1 SV=1
194,HLA-A*23:01,1,441,449,9,YFFQGSNQF,YFFQGSNQF,YFFQGSNQF,13.19,0.04,sp|P39900|MMP12_HUMAN,Macrophage metalloelastase OS=Homo sapiens OX=9606 GN=MMP12 PE=1 SV=1
195,HLA-A*23:01,1,35,43,9,RYLEKFYGL,RYLEKFYGL,RYLEKFYGL,13.32,0.04,sp|P39900|MMP12_HUMAN,Macrophage metalloelastase OS=Homo sapiens OX=9606 GN=MMP12 PE=1 SV=1
196,HLA-A*24:02,1,363,371,9,NYPKSIHSF,NYPKSIHSF,NYPKSIHSF,14.48,0.03,sp|P39900|MMP12_HUMAN,Macrophage metalloelastase OS=Homo sapiens OX=9606 GN=MMP12 PE=1 SV=1
197,HLA-A*31:01,1,383,391,9,AVFNPRFYR,AVFNPRFYR,AVFNPRFYR,2.34,0.01,sp|P39900|MMP12_HUMAN,Macrophage metalloelastase OS=Homo sapiens OX=9606 GN=MMP12 PE=1 SV=1
198,HLA-A*31:01,1,241,249,9,KYVDINTFR,KYVDINTFR,KYVDINTFR,6.98,0.03,sp|P39900|MMP12_HUMAN,Macrophage metalloelastase OS=Homo sapiens OX=9606 GN=MMP12 PE=1 SV=1
199,HLA-A*31:01,1,351,359,9,KYWLISNLR,KYWLISNLR,KYWLISNLR,8.1,0.04,sp|P39900|MMP12_HUMAN,Macrophage metalloelastase OS=Homo sapiens OX=9606 GN=MMP12 PE=1 SV=1
200,HLA-A*33:01,1,305,313,9,FFWLKVSER,FFWLKVSER,FFWLKVSER,10.14,0.02,sp|P39900|MMP12_HUMAN,Macrophage metalloelastase OS=Homo sapiens OX=9606 GN=MMP12 PE=1 SV=1
201,HLA-A*33:01,1,383,391,9,AVFNPRFYR,AVFNPRFYR,AVFNPRFYR,14.01,0.02,sp|P39900|MMP12_HUMAN,Macrophage metalloelastase OS=Homo sapiens OX=9606 GN=MMP12 PE=1 SV=1
202,HLA-A*68:01,1,383,391,9,AVFNPRFYR,AVFNPRFYR,AVFNPRFYR,4.23,0.02,sp|P39900|MMP12_HUMAN,Macrophage metalloelastase OS=Homo sapiens OX=9606 GN=MMP12 PE=1 SV=1
203,HLA-A*68:01,1,333,341,9,EAAYEIEAR,EAAYEIEAR,EAAYEIEAR,9.66,0.08,sp|P39900|MMP12_HUMAN,Macrophage metalloelastase OS=Homo sapiens OX=9606 GN=MMP12 PE=1 SV=1
204,HLA-A*68:02,1,369,377,9,HSFGFPNFV,HSFGFPNFV,HSFGFPNFV,4.13,0.02,sp|P39900|MMP12_HUMAN,Macrophage metalloelastase OS=Homo sapiens OX=9606 GN=MMP12 PE=1 SV=1
205,HLA-B*07:02,1,17,25,9,LPLNSSTSL,LPLNSSTSL,LPLNSSTSL,13.99,0.05,sp|P39900|MMP12_HUMAN,Macrophage metalloelastase OS=Homo sapiens OX=9606 GN=MMP12 PE=1 SV=1
206,HLA-B*35:01,1,328,336,9,LPSGIEAAY,LPSGIEAAY,LPSGIEAAY,2.91,0.01,sp|P39900|MMP12_HUMAN,Macrophage metalloelastase OS=Homo sapiens OX=9606 GN=MMP12 PE=1 SV=1
207,HLA-B*40:01,1,65,73,9,QEMQHFLGL,QEMQHFLGL,QEMQHFLGL,9.31,0.02,sp|P39900|MMP12_HUMAN,Macrophage metalloelastase OS=Homo sapiens OX=9606 GN=MMP12 PE=1 SV=1
208,HLA-B*40:01,1,218,226,9,HEIGHSLGL,HEIGHSLGL,HEIGHSLGL,9.93,0.03,sp|P39900|MMP12_HUMAN,Macrophage metalloelastase OS=Homo sapiens OX=9606 GN=MMP12 PE=1 SV=1
209,HLA-B*44:02,1,101,109,9,REMPGGPVW,REMPGGPVW,REMPGGPVW,14.75,0.02,sp|P39900|MMP12_HUMAN,Macrophage metalloelastase OS=Homo sapiens OX=9606 GN=MMP12 PE=1 SV=1
210,HLA-A*02:01,1,15,23,9,WLSLRLWSV,WLSLRLWSV,WLSLRLWSV,5.42,0.04,sp|Q6EIG7|CLC6A_HUMAN,C-type lectin domain family 6 member A OS=Homo sapiens OX=9606 GN=CLEC6A PE=1 SV=1
211,HLA-A*02:01,1,29,37,9,ALLSACFIV,ALLSACFIV,ALLSACFIV,11.23,0.11,sp|Q6EIG7|CLC6A_HUMAN,C-type lectin domain family 6 member A OS=Homo sapiens OX=9606 GN=CLEC6A PE=1 SV=1
212,HLA-A*02:03,1,15,23,9,WLSLRLWSV,WLSLRLWSV,WLSLRLWSV,4.53,0.05,sp|Q6EIG7|CLC6A_HUMAN,C-type lectin domain family 6 member A OS=Homo sapiens OX=9606 GN=CLEC6A PE=1 SV=1
213,HLA-A*02:06,1,15,23,9,WLSLRLWSV,WLSLRLWSV,WLSLRLWSV,9.41,0.07,sp|Q6EIG7|CLC6A_HUMAN,C-type lectin domain family 6 member A OS=Homo sapiens OX=9606 GN=CLEC6A PE=1 SV=1
214,HLA-A*68:01,1,45,53,9,FTYGETGKR,FTYGETGKR,FTYGETGKR,6.24,0.04,sp|Q6EIG7|CLC6A_HUMAN,C-type lectin domain family 6 member A OS=Homo sapiens OX=9606 GN=CLEC6A PE=1 SV=1
215,HLA-A*68:02,1,22,30,9,SVAGISIAL,SVAGISIAL,SVAGISIAL,11.46,0.08,sp|Q6EIG7|CLC6A_HUMAN,C-type lectin domain family 6 member A OS=Homo sapiens OX=9606 GN=CLEC6A PE=1 SV=1
216,HLA-A*68:02,1,132,140,9,ESFSYFLGL,ESFSYFLGL,ESFSYFLGL,14.07,0.1,sp|Q6EIG7|CLC6A_HUMAN,C-type lectin domain family 6 member A OS=Homo sapiens OX=9606 GN=CLEC6A PE=1 SV=1
217,HLA-B*58:01,1,84,92,9,KSFGSSCYF,KSFGSSCYF,KSFGSSCYF,5.69,0.03,sp|Q6EIG7|CLC6A_HUMAN,C-type lectin domain family 6 member A OS=Homo sapiens OX=9606 GN=CLEC6A PE=1 SV=1
218,HLA-B*58:01,1,37,45,9,VSCVVTYHF,VSCVVTYHF,VSCVVTYHF,14.75,0.08,sp|Q6EIG7|CLC6A_HUMAN,C-type lectin domain family 6 member A OS=Homo sapiens OX=9606 GN=CLEC6A PE=1 SV=1
219,HLA-A*01:01,1,229,237,9,STDIGALMY,STDIGALMY,STDIGALMY,3.6,0.01,sp|P03956|MMP1_HUMAN,Interstitial collagenase OS=Homo sapiens OX=9606 GN=MMP1 PE=1 SV=3
220,HLA-A*02:01,1,139,147,9,QLWSNVTPL,QLWSNVTPL,QLWSNVTPL,12.9,0.12,sp|P03956|MMP1_HUMAN,Interstitial collagenase OS=Homo sapiens OX=9606 GN=MMP1 PE=1 SV=3
221,HLA-A*02:01,1,65,73,9,KQMQEFFGL,KQMQEFFGL,KQMQEFFGL,14.76,0.15,sp|P03956|MMP1_HUMAN,Interstitial collagenase OS=Homo sapiens OX=9606 GN=MMP1 PE=1 SV=3
222,HLA-A*02:03,1,414,422,9,MIAHDFPGI,MIAHDFPGI,MIAHDFPGI,12.37,0.18,sp|P03956|MMP1_HUMAN,Interstitial collagenase OS=Homo sapiens OX=9606 GN=MMP1 PE=1 SV=3
223,HLA-A*02:06,1,65,73,9,KQMQEFFGL,KQMQEFFGL,KQMQEFFGL,3.13,0.02,sp|P03956|MMP1_HUMAN,Interstitial collagenase OS=Homo sapiens OX=9606 GN=MMP1 PE=1 SV=3
224,HLA-A*02:06,1,414,422,9,MIAHDFPGI,MIAHDFPGI,MIAHDFPGI,6.8,0.05,sp|P03956|MMP1_HUMAN,Interstitial collagenase OS=Homo sapiens OX=9606 GN=MMP1 PE=1 SV=3
225,HLA-A*02:06,1,304,312,9,RTNPFYPEV,RTNPFYPEV,RTNPFYPEV,12.64,0.12,sp|P03956|MMP1_HUMAN,Interstitial collagenase OS=Homo sapiens OX=9606 GN=MMP1 PE=1 SV=3
226,HLA-A*02:06,1,240,248,9,YTFSGDVQL,YTFSGDVQL,YTFSGDVQL,14.19,0.14,sp|P03956|MMP1_HUMAN,Interstitial collagenase OS=Homo sapiens OX=9606 GN=MMP1 PE=1 SV=3
227,HLA-A*03:01,1,388,396,9,KTYFFVANK,KTYFFVANK,KTYFFVANK,6.29,0.02,sp|P03956|MMP1_HUMAN,Interstitial collagenase OS=Homo sapiens OX=9606 GN=MMP1 PE=1 SV=3
228,HLA-A*11:01,1,405,413,9,RSMDPGYPK,RSMDPGYPK,RSMDPGYPK,4.37,0.01,sp|P03956|MMP1_HUMAN,Interstitial collagenase OS=Homo sapiens OX=9606 GN=MMP1 PE=1 SV=3
229,HLA-A*11:01,1,388,396,9,KTYFFVANK,KTYFFVANK,KTYFFVANK,4.81,0.01,sp|P03956|MMP1_HUMAN,Interstitial collagenase OS=Homo sapiens OX=9606 GN=MMP1 PE=1 SV=3
230,HLA-A*23:01,1,36,44,9,KYLEKYYNL,KYLEKYYNL,KYLEKYYNL,11.95,0.03,sp|P03956|MMP1_HUMAN,Interstitial collagenase OS=Homo sapiens OX=9606 GN=MMP1 PE=1 SV=3
231,HLA-A*30:01,1,388,396,9,KTYFFVANK,KTYFFVANK,KTYFFVANK,8.15,0.03,sp|P03956|MMP1_HUMAN,Interstitial collagenase OS=Homo sapiens OX=9606 GN=MMP1 PE=1 SV=3
232,HLA-A*30:01,1,405,413,9,RSMDPGYPK,RSMDPGYPK,RSMDPGYPK,10.58,0.04,sp|P03956|MMP1_HUMAN,Interstitial collagenase OS=Homo sapiens OX=9606 GN=MMP1 PE=1 SV=3
233,HLA-A*30:01,1,304,312,9,RTNPFYPEV,RTNPFYPEV,RTNPFYPEV,14.98,0.06,sp|P03956|MMP1_HUMAN,Interstitial collagenase OS=Homo sapiens OX=9606 GN=MMP1 PE=1 SV=3
234,HLA-A*31:01,1,364,372,9,IYSSFGFPR,IYSSFGFPR,IYSSFGFPR,9.28,0.04,sp|P03956|MMP1_HUMAN,Interstitial collagenase OS=Homo sapiens OX=9606 GN=MMP1 PE=1 SV=3
235,HLA-A*31:01,1,459,467,9,KANSWFNCR,KANSWFNCR,KANSWFNCR,9.32,0.04,sp|P03956|MMP1_HUMAN,Interstitial collagenase OS=Homo sapiens OX=9606 GN=MMP1 PE=1 SV=3
236,HLA-A*32:01,1,234,242,9,ALMYPSYTF,ALMYPSYTF,ALMYPSYTF,8.26,0.02,sp|P03956|MMP1_HUMAN,Interstitial collagenase OS=Homo sapiens OX=9606 GN=MMP1 PE=1 SV=3
237,HLA-A*33:01,1,296,304,9,FFKDRFYMR,FFKDRFYMR,FFKDRFYMR,5.63,0.01,sp|P03956|MMP1_HUMAN,Interstitial collagenase OS=Homo sapiens OX=9606 GN=MMP1 PE=1 SV=3
238,HLA-A*33:01,1,435,443,9,FFYFFHGTR,FFYFFHGTR,FFYFFHGTR,8.16,0.01,sp|P03956|MMP1_HUMAN,Interstitial collagenase OS=Homo sapiens OX=9606 GN=MMP1 PE=1 SV=3
239,HLA-A*33:01,1,206,214,9,NFREYNLHR,NFREYNLHR,NFREYNLHR,14.33,0.02,sp|P03956|MMP1_HUMAN,Interstitial collagenase OS=Homo sapiens OX=9606 GN=MMP1 PE=1 SV=3
240,HLA-A*68:01,1,143,151,9,NVTPLTFTK,NVTPLTFTK,NVTPLTFTK,8.7,0.06,sp|P03956|MMP1_HUMAN,Interstitial collagenase OS=Homo sapiens OX=9606 GN=MMP1 PE=1 SV=3
241,HLA-A*68:01,1,329,337,9,EAAYEFADR,EAAYEFADR,EAAYEFADR,10.58,0.09,sp|P03956|MMP1_HUMAN,Interstitial collagenase OS=Homo sapiens OX=9606 GN=MMP1 PE=1 SV=3
242,HLA-B*15:01,1,430,438,9,FMKDGFFYF,FMKDGFFYF,FMKDGFFYF,10.18,0.03,sp|P03956|MMP1_HUMAN,Interstitial collagenase OS=Homo sapiens OX=9606 GN=MMP1 PE=1 SV=3
243,HLA-B*15:01,1,155,163,9,GQADIMISF,GQADIMISF,GQADIMISF,11.97,0.03,sp|P03956|MMP1_HUMAN,Interstitial collagenase OS=Homo sapiens OX=9606 GN=MMP1 PE=1 SV=3
244,HLA-B*35:01,1,324,332,9,LPNGLEAAY,LPNGLEAAY,LPNGLEAAY,3.15,0.01,sp|P03956|MMP1_HUMAN,Interstitial collagenase OS=Homo sapiens OX=9606 GN=MMP1 PE=1 SV=3
245,HLA-B*35:01,1,360,368,9,YPKDIYSSF,YPKDIYSSF,YPKDIYSSF,10.07,0.03,sp|P03956|MMP1_HUMAN,Interstitial collagenase OS=Homo sapiens OX=9606 GN=MMP1 PE=1 SV=3
246,HLA-B*40:01,1,218,226,9,HELGHSLGL,HELGHSLGL,HELGHSLGL,14.31,0.04,sp|P03956|MMP1_HUMAN,Interstitial collagenase OS=Homo sapiens OX=9606 GN=MMP1 PE=1 SV=3
247,HLA-B*57:01,1,455,463,9,LTLQKANSW,LTLQKANSW,LTLQKANSW,12.26,0.03,sp|P03956|MMP1_HUMAN,Interstitial collagenase OS=Homo sapiens OX=9606 GN=MMP1 PE=1 SV=3
248,HLA-B*58:01,1,455,463,9,LTLQKANSW,LTLQKANSW,LTLQKANSW,9.65,0.05,sp|P03956|MMP1_HUMAN,Interstitial collagenase OS=Homo sapiens OX=9606 GN=MMP1 PE=1 SV=3
249,HLA-B*58:01,1,141,149,9,WSNVTPLTF,WSNVTPLTF,WSNVTPLTF,14.41,0.08,sp|P03956|MMP1_HUMAN,Interstitial collagenase OS=Homo sapiens OX=9606 GN=MMP1 PE=1 SV=3
250,HLA-A*02:01,1,649,657,9,KQLDLLFSV,KQLDLLFSV,KQLDLLFSV,2.91,0.02,sp|Q9H5V8|CDCP1_HUMAN,CUB domain-containing protein 1 OS=Homo sapiens OX=9606 GN=CDCP1 PE=1 SV=3
251,HLA-A*02:01,1,399,407,9,FLCDDLTRL,FLCDDLTRL,FLCDDLTRL,10.36,0.09,sp|Q9H5V8|CDCP1_HUMAN,CUB domain-containing protein 1 OS=Homo sapiens OX=9606 GN=CDCP1 PE=1 SV=3
252,HLA-A*02:01,1,248,256,9,ELMTWQFVV,ELMTWQFVV,ELMTWQFVV,11.73,0.11,sp|Q9H5V8|CDCP1_HUMAN,CUB domain-containing protein 1 OS=Homo sapiens OX=9606 GN=CDCP1 PE=1 SV=3
253,HLA-A*02:01,1,570,578,9,SLTSVSWNI,SLTSVSWNI,SLTSVSWNI,13.22,0.12,sp|Q9H5V8|CDCP1_HUMAN,CUB domain-containing protein 1 OS=Homo sapiens OX=9606 GN=CDCP1 PE=1 SV=3
254,HLA-A*02:03,1,399,407,9,FLCDDLTRL,FLCDDLTRL,FLCDDLTRL,7.75,0.09,sp|Q9H5V8|CDCP1_HUMAN,CUB domain-containing protein 1 OS=Homo sapiens OX=9606 GN=CDCP1 PE=1 SV=3
255,HLA-A*02:03,1,649,657,9,KQLDLLFSV,KQLDLLFSV,KQLDLLFSV,13.67,0.21,sp|Q9H5V8|CDCP1_HUMAN,CUB domain-containing protein 1 OS=Homo sapiens OX=9606 GN=CDCP1 PE=1 SV=3
256,HLA-A*02:03,1,456,464,9,RLSLVLVPA,RLSLVLVPA,RLSLVLVPA,14.87,0.24,sp|Q9H5V8|CDCP1_HUMAN,CUB domain-containing protein 1 OS=Homo sapiens OX=9606 GN=CDCP1 PE=1 SV=3
257,HLA-A*02:06,1,649,657,9,KQLDLLFSV,KQLDLLFSV,KQLDLLFSV,1.6,0.01,sp|Q9H5V8|CDCP1_HUMAN,CUB domain-containing protein 1 OS=Homo sapiens OX=9606 GN=CDCP1 PE=1 SV=3
258,HLA-A*02:06,1,399,407,9,FLCDDLTRL,FLCDDLTRL,FLCDDLTRL,14.07,0.14,sp|Q9H5V8|CDCP1_HUMAN,CUB domain-containing protein 1 OS=Homo sapiens OX=9606 GN=CDCP1 PE=1 SV=3
259,HLA-A*11:01,1,534,542,9,TVSFIPYFK,TVSFIPYFK,TVSFIPYFK,3.09,0.01,sp|Q9H5V8|CDCP1_HUMAN,CUB domain-containing protein 1 OS=Homo sapiens OX=9606 GN=CDCP1 PE=1 SV=3
260,HLA-A*11:01,1,584,592,9,QVACLTFFK,QVACLTFFK,QVACLTFFK,5.36,0.01,sp|Q9H5V8|CDCP1_HUMAN,CUB domain-containing protein 1 OS=Homo sapiens OX=9606 GN=CDCP1 PE=1 SV=3
261,HLA-A*11:01,1,288,296,9,STTNPEVFK,STTNPEVFK,STTNPEVFK,10.73,0.03,sp|Q9H5V8|CDCP1_HUMAN,CUB domain-containing protein 1 OS=Homo sapiens OX=9606 GN=CDCP1 PE=1 SV=3
262,HLA-A*30:01,1,612,620,9,RTRAEEIFS,RTRAEEIFS,RTRAEEIFS,14.73,0.06,sp|Q9H5V8|CDCP1_HUMAN,CUB domain-containing protein 1 OS=Homo sapiens OX=9606 GN=CDCP1 PE=1 SV=3
263,HLA-A*31:01,1,574,582,9,VSWNISVPR,VSWNISVPR,VSWNISVPR,8.58,0.04,sp|Q9H5V8|CDCP1_HUMAN,CUB domain-containing protein 1 OS=Homo sapiens OX=9606 GN=CDCP1 PE=1 SV=3
264,HLA-A*31:01,1,510,518,9,KQNISVTLR,KQNISVTLR,KQNISVTLR,13.88,0.07,sp|Q9H5V8|CDCP1_HUMAN,CUB domain-containing protein 1 OS=Homo sapiens OX=9606 GN=CDCP1 PE=1 SV=3
265,HLA-A*32:01,1,556,564,9,KVYLRTPNW,KVYLRTPNW,KVYLRTPNW,13.87,0.02,sp|Q9H5V8|CDCP1_HUMAN,CUB domain-containing protein 1 OS=Homo sapiens OX=9606 GN=CDCP1 PE=1 SV=3
266,HLA-A*33:01,1,552,560,9,DTKSKVYLR,DTKSKVYLR,DTKSKVYLR,10.46,0.02,sp|Q9H5V8|CDCP1_HUMAN,CUB domain-containing protein 1 OS=Homo sapiens OX=9606 GN=CDCP1 PE=1 SV=3
267,HLA-A*68:01,1,534,542,9,TVSFIPYFK,TVSFIPYFK,TVSFIPYFK,2.4,0.01,sp|Q9H5V8|CDCP1_HUMAN,CUB domain-containing protein 1 OS=Homo sapiens OX=9606 GN=CDCP1 PE=1 SV=3
268,HLA-A*68:01,1,584,592,9,QVACLTFFK,QVACLTFFK,QVACLTFFK,3.92,0.02,sp|Q9H5V8|CDCP1_HUMAN,CUB domain-containing protein 1 OS=Homo sapiens OX=9606 GN=CDCP1 PE=1 SV=3
269,HLA-A*68:01,1,28,36,9,EAFEIALPR,EAFEIALPR,EAFEIALPR,3.99,0.02,sp|Q9H5V8|CDCP1_HUMAN,CUB domain-containing protein 1 OS=Homo sapiens OX=9606 GN=CDCP1 PE=1 SV=3
270,HLA-A*68:01,1,345,353,9,YVVDLSNER,YVVDLSNER,YVVDLSNER,6.24,0.04,sp|Q9H5V8|CDCP1_HUMAN,CUB domain-containing protein 1 OS=Homo sapiens OX=9606 GN=CDCP1 PE=1 SV=3
271,HLA-A*68:02,1,250,258,9,MTWQFVVPA,MTWQFVVPA,MTWQFVVPA,11.78,0.08,sp|Q9H5V8|CDCP1_HUMAN,CUB domain-containing protein 1 OS=Homo sapiens OX=9606 GN=CDCP1 PE=1 SV=3
272,HLA-B*07:02,1,256,264,9,VPAHLRASV,VPAHLRASV,VPAHLRASV,6.77,0.03,sp|Q9H5V8|CDCP1_HUMAN,CUB domain-containing protein 1 OS=Homo sapiens OX=9606 GN=CDCP1 PE=1 SV=3
273,HLA-B*07:02,1,628,636,9,KPSFHHHSF,KPSFHHHSF,KPSFHHHSF,8.35,0.03,sp|Q9H5V8|CDCP1_HUMAN,CUB domain-containing protein 1 OS=Homo sapiens OX=9606 GN=CDCP1 PE=1 SV=3
274,HLA-B*40:01,1,36,44,9,RESNITVLI,RESNITVLI,RESNITVLI,12.26,0.03,sp|Q9H5V8|CDCP1_HUMAN,CUB domain-containing protein 1 OS=Homo sapiens OX=9606 GN=CDCP1 PE=1 SV=3
275,HLA-B*40:01,1,227,235,9,FEGEGSATL,FEGEGSATL,FEGEGSATL,14.34,0.04,sp|Q9H5V8|CDCP1_HUMAN,CUB domain-containing protein 1 OS=Homo sapiens OX=9606 GN=CDCP1 PE=1 SV=3
276,HLA-B*53:01,1,568,576,9,LPSLTSVSW,LPSLTSVSW,LPSLTSVSW,5.41,0.02,sp|Q9H5V8|CDCP1_HUMAN,CUB domain-containing protein 1 OS=Homo sapiens OX=9606 GN=CDCP1 PE=1 SV=3
277,HLA-B*53:01,1,244,252,9,FPEDELMTW,FPEDELMTW,FPEDELMTW,6.59,0.02,sp|Q9H5V8|CDCP1_HUMAN,CUB domain-containing protein 1 OS=Homo sapiens OX=9606 GN=CDCP1 PE=1 SV=3
278,HLA-B*58:01,1,133,141,9,KSIGLELQF,KSIGLELQF,KSIGLELQF,5.33,0.02,sp|Q9H5V8|CDCP1_HUMAN,CUB domain-containing protein 1 OS=Homo sapiens OX=9606 GN=CDCP1 PE=1 SV=3
279,HLA-B*58:01,1,261,269,9,RASVSFLNF,RASVSFLNF,RASVSFLNF,12.87,0.08,sp|Q9H5V8|CDCP1_HUMAN,CUB domain-containing protein 1 OS=Homo sapiens OX=9606 GN=CDCP1 PE=1 SV=3
280,HLA-A*02:01,1,500,508,9,LLVPSVILV,LLVPSVILV,LLVPSVILV,10.57,0.09,sp|P09603|CSF1_HUMAN,Macrophage colony-stimulating factor 1 OS=Homo sapiens OX=9606 GN=CSF1 PE=1 SV=2
281,HLA-A*02:01,1,492,500,9,QLQESVFHL,QLQESVFHL,QLQESVFHL,11.83,0.11,sp|P09603|CSF1_HUMAN,Macrophage colony-stimulating factor 1 OS=Homo sapiens OX=9606 GN=CSF1 PE=1 SV=2
282,HLA-A*02:01,1,15,23,9,WLGSLLLLV,WLGSLLLLV,WLGSLLLLV,12.39,0.12,sp|P09603|CSF1_HUMAN,Macrophage colony-stimulating factor 1 OS=Homo sapiens OX=9606 GN=CSF1 PE=1 SV=2
283,HLA-A*02:03,1,81,89,9,YLKKAFLLV,YLKKAFLLV,YLKKAFLLV,5.67,0.06,sp|P09603|CSF1_HUMAN,Macrophage colony-stimulating factor 1 OS=Homo sapiens OX=9606 GN=CSF1 PE=1 SV=2
284,HLA-A*02:03,1,500,508,9,LLVPSVILV,LLVPSVILV,LLVPSVILV,6.67,0.08,sp|P09603|CSF1_HUMAN,Macrophage colony-stimulating factor 1 OS=Homo sapiens OX=9606 GN=CSF1 PE=1 SV=2
285,HLA-A*02:03,1,210,218,9,PLAPSMAPV,PLAPSMAPV,PLAPSMAPV,11.62,0.16,sp|P09603|CSF1_HUMAN,Macrophage colony-stimulating factor 1 OS=Homo sapiens OX=9606 GN=CSF1 PE=1 SV=2
286,HLA-A*02:06,1,57,65,9,SQMETSCQI,SQMETSCQI,SQMETSCQI,9.67,0.08,sp|P09603|CSF1_HUMAN,Macrophage colony-stimulating factor 1 OS=Homo sapiens OX=9606 GN=CSF1 PE=1 SV=2
287,HLA-A*02:06,1,500,508,9,LLVPSVILV,LLVPSVILV,LLVPSVILV,14.27,0.14,sp|P09603|CSF1_HUMAN,Macrophage colony-stimulating factor 1 OS=Homo sapiens OX=9606 GN=CSF1 PE=1 SV=2
288,HLA-A*23:01,1,80,88,9,CYLKKAFLL,CYLKKAFLL,CYLKKAFLL,13.34,0.04,sp|P09603|CSF1_HUMAN,Macrophage colony-stimulating factor 1 OS=Homo sapiens OX=9606 GN=CSF1 PE=1 SV=2
289,HLA-A*30:01,1,98,106,9,RFRDNTPNA,RFRDNTPNA,RFRDNTPNA,11.44,0.04,sp|P09603|CSF1_HUMAN,Macrophage colony-stimulating factor 1 OS=Homo sapiens OX=9606 GN=CSF1 PE=1 SV=2
290,HLA-A*31:01,1,511,519,9,AVGGLLFYR,AVGGLLFYR,AVGGLLFYR,9.32,0.04,sp|P09603|CSF1_HUMAN,Macrophage colony-stimulating factor 1 OS=Homo sapiens OX=9606 GN=CSF1 PE=1 SV=2
291,HLA-A*31:01,1,514,522,9,GLLFYRWRR,GLLFYRWRR,GLLFYRWRR,10.8,0.05,sp|P09603|CSF1_HUMAN,Macrophage colony-stimulating factor 1 OS=Homo sapiens OX=9606 GN=CSF1 PE=1 SV=2
292,HLA-A*31:01,1,515,523,9,LLFYRWRRR,LLFYRWRRR,LLFYRWRRR,13.34,0.07,sp|P09603|CSF1_HUMAN,Macrophage colony-stimulating factor 1 OS=Homo sapiens OX=9606 GN=CSF1 PE=1 SV=2
293,HLA-A*68:01,1,1,9,9,MTAPGAAGR,MTAPGAAGR,MTAPGAAGR,3.0,0.01,sp|P09603|CSF1_HUMAN,Macrophage colony-stimulating factor 1 OS=Homo sapiens OX=9606 GN=CSF1 PE=1 SV=2
294,HLA-A*68:01,1,242,250,9,HTVDPGSAK,HTVDPGSAK,HTVDPGSAK,11.95,0.11,sp|P09603|CSF1_HUMAN,Macrophage colony-stimulating factor 1 OS=Homo sapiens OX=9606 GN=CSF1 PE=1 SV=2
295,HLA-B*07:02,1,468,476,9,LPRFNSVPL,LPRFNSVPL,LPRFNSVPL,2.81,0.01,sp|P09603|CSF1_HUMAN,Macrophage colony-stimulating factor 1 OS=Homo sapiens OX=9606 GN=CSF1 PE=1 SV=2
296,HLA-B*07:02,1,466,474,9,RPLPRFNSV,RPLPRFNSV,RPLPRFNSV,6.74,0.03,sp|P09603|CSF1_HUMAN,Macrophage colony-stimulating factor 1 OS=Homo sapiens OX=9606 GN=CSF1 PE=1 SV=2
297,HLA-B*07:02,1,279,287,9,QPRPSVGAF,QPRPSVGAF,QPRPSVGAF,7.7,0.03,sp|P09603|CSF1_HUMAN,Macrophage colony-stimulating factor 1 OS=Homo sapiens OX=9606 GN=CSF1 PE=1 SV=2
298,HLA-A*02:01,1,49,57,9,LVMASLYHI,LVMASLYHI,LVMASLYHI,8.89,0.08,sp|P09601|HMOX1_HUMAN,Heme oxygenase 1 OS=Homo sapiens OX=9606 GN=HMOX1 PE=1 SV=1
299,HLA-A*02:01,1,212,220,9,QLFEELQEL,QLFEELQEL,QLFEELQEL,11.68,0.11,sp|P09601|HMOX1_HUMAN,Heme oxygenase 1 OS=Homo sapiens OX=9606 GN=HMOX1 PE=1 SV=1
300,HLA-A*02:01,1,273,281,9,TLSFLVATV,TLSFLVATV,TLSFLVATV,12.96,0.12,sp|P09601|HMOX1_HUMAN,Heme oxygenase 1 OS=Homo sapiens OX=9606 GN=HMOX1 PE=1 SV=1
301,HLA-A*02:03,1,273,281,9,TLSFLVATV,TLSFLVATV,TLSFLVATV,4.29,0.04,sp|P09601|HMOX1_HUMAN,Heme oxygenase 1 OS=Homo sapiens OX=9606 GN=HMOX1 PE=1 SV=1
302,HLA-A*02:03,1,16,24,9,ALKEATKEV,ALKEATKEV,ALKEATKEV,6.69,0.08,sp|P09601|HMOX1_HUMAN,Heme oxygenase 1 OS=Homo sapiens OX=9606 GN=HMOX1 PE=1 SV=1
303,HLA-A*02:03,1,167,175,9,FTFPNIASA,FTFPNIASA,FTFPNIASA,8.3,0.11,sp|P09601|HMOX1_HUMAN,Heme oxygenase 1 OS=Homo sapiens OX=9606 GN=HMOX1 PE=1 SV=1
304,HLA-A*02:03,1,49,57,9,LVMASLYHI,LVMASLYHI,LVMASLYHI,9.33,0.12,sp|P09601|HMOX1_HUMAN,Heme oxygenase 1 OS=Homo sapiens OX=9606 GN=HMOX1 PE=1 SV=1
305,HLA-A*02:03,1,212,220,9,QLFEELQEL,QLFEELQEL,QLFEELQEL,14.69,0.23,sp|P09601|HMOX1_HUMAN,Heme oxygenase 1 OS=Homo sapiens OX=9606 GN=HMOX1 PE=1 SV=1
306,HLA-A*02:06,1,49,57,9,LVMASLYHI,LVMASLYHI,LVMASLYHI,3.3,0.02,sp|P09601|HMOX1_HUMAN,Heme oxygenase 1 OS=Homo sapiens OX=9606 GN=HMOX1 PE=1 SV=1
307,HLA-A*02:06,1,167,175,9,FTFPNIASA,FTFPNIASA,FTFPNIASA,5.38,0.04,sp|P09601|HMOX1_HUMAN,Heme oxygenase 1 OS=Homo sapiens OX=9606 GN=HMOX1 PE=1 SV=1
308,HLA-A*02:06,1,263,271,9,SQAPLLRWV,SQAPLLRWV,SQAPLLRWV,8.71,0.06,sp|P09601|HMOX1_HUMAN,Heme oxygenase 1 OS=Homo sapiens OX=9606 GN=HMOX1 PE=1 SV=1
309,HLA-A*02:06,1,270,278,9,WVLTLSFLV,WVLTLSFLV,WVLTLSFLV,10.4,0.09,sp|P09601|HMOX1_HUMAN,Heme oxygenase 1 OS=Homo sapiens OX=9606 GN=HMOX1 PE=1 SV=1
310,HLA-A*26:01,1,103,111,9,EVIPYTPAM,EVIPYTPAM,EVIPYTPAM,5.9,0.02,sp|P09601|HMOX1_HUMAN,Heme oxygenase 1 OS=Homo sapiens OX=9606 GN=HMOX1 PE=1 SV=1
311,HLA-A*30:01,1,183,191,9,RSRMNSLEM,RSRMNSLEM,RSRMNSLEM,9.8,0.03,sp|P09601|HMOX1_HUMAN,Heme oxygenase 1 OS=Homo sapiens OX=9606 GN=HMOX1 PE=1 SV=1
312,HLA-A*30:02,1,50,58,9,VMASLYHIY,VMASLYHIY,VMASLYHIY,9.08,0.01,sp|P09601|HMOX1_HUMAN,Heme oxygenase 1 OS=Homo sapiens OX=9606 GN=HMOX1 PE=1 SV=1
313,HLA-A*31:01,1,175,183,9,ATKFKQLYR,ATKFKQLYR,ATKFKQLYR,7.3,0.03,sp|P09601|HMOX1_HUMAN,Heme oxygenase 1 OS=Homo sapiens OX=9606 GN=HMOX1 PE=1 SV=1
314,HLA-A*68:01,1,246,254,9,DSAPVETPR,DSAPVETPR,DSAPVETPR,6.42,0.04,sp|P09601|HMOX1_HUMAN,Heme oxygenase 1 OS=Homo sapiens OX=9606 GN=HMOX1 PE=1 SV=1
315,HLA-A*68:02,1,167,175,9,FTFPNIASA,FTFPNIASA,FTFPNIASA,6.62,0.04,sp|P09601|HMOX1_HUMAN,Heme oxygenase 1 OS=Homo sapiens OX=9606 GN=HMOX1 PE=1 SV=1
316,HLA-A*68:02,1,51,59,9,MASLYHIYV,MASLYHIYV,MASLYHIYV,7.9,0.06,sp|P09601|HMOX1_HUMAN,Heme oxygenase 1 OS=Homo sapiens OX=9606 GN=HMOX1 PE=1 SV=1
317,HLA-A*68:02,1,191,199,9,MTPAVRQRV,MTPAVRQRV,MTPAVRQRV,12.81,0.09,sp|P09601|HMOX1_HUMAN,Heme oxygenase 1 OS=Homo sapiens OX=9606 GN=HMOX1 PE=1 SV=1
318,HLA-A*68:02,1,49,57,9,LVMASLYHI,LVMASLYHI,LVMASLYHI,14.56,0.11,sp|P09601|HMOX1_HUMAN,Heme oxygenase 1 OS=Homo sapiens OX=9606 GN=HMOX1 PE=1 SV=1
319,HLA-B*35:01,1,9,17,9,MPQDLSEAL,MPQDLSEAL,MPQDLSEAL,7.12,0.02,sp|P09601|HMOX1_HUMAN,Heme oxygenase 1 OS=Homo sapiens OX=9606 GN=HMOX1 PE=1 SV=1
320,HLA-B*57:01,1,262,270,9,RSQAPLLRW,RSQAPLLRW,RSQAPLLRW,10.52,0.03,sp|P09601|HMOX1_HUMAN,Heme oxygenase 1 OS=Homo sapiens OX=9606 GN=HMOX1 PE=1 SV=1
321,HLA-B*58:01,1,262,270,9,RSQAPLLRW,RSQAPLLRW,RSQAPLLRW,4.57,0.02,sp|P09601|HMOX1_HUMAN,Heme oxygenase 1 OS=Homo sapiens OX=9606 GN=HMOX1 PE=1 SV=1
322,HLA-B*58:01,1,93,101,9,LAFWYGPRW,LAFWYGPRW,LAFWYGPRW,7.86,0.04,sp|P09601|HMOX1_HUMAN,Heme oxygenase 1 OS=Homo sapiens OX=9606 GN=HMOX1 PE=1 SV=1
323,HLA-A*02:01,1,9,17,9,LLFSVTWAA,LLFSVTWAA,LLFSVTWAA,5.3,0.04,sp|Q9NQ76|MEPE_HUMAN,Matrix extracellular phosphoglycoprotein OS=Homo sapiens OX=9606 GN=MEPE PE=1 SV=1
324,HLA-A*02:03,1,9,17,9,LLFSVTWAA,LLFSVTWAA,LLFSVTWAA,7.45,0.09,sp|Q9NQ76|MEPE_HUMAN,Matrix extracellular phosphoglycoprotein OS=Homo sapiens OX=9606 GN=MEPE PE=1 SV=1
325,HLA-A*02:03,1,150,158,9,NMQHIMGPV,NMQHIMGPV,NMQHIMGPV,13.49,0.21,sp|Q9NQ76|MEPE_HUMAN,Matrix extracellular phosphoglycoprotein OS=Homo sapiens OX=9606 GN=MEPE PE=1 SV=1
326,HLA-A*02:06,1,9,17,9,LLFSVTWAA,LLFSVTWAA,LLFSVTWAA,9.03,0.07,sp|Q9NQ76|MEPE_HUMAN,Matrix extracellular phosphoglycoprotein OS=Homo sapiens OX=9606 GN=MEPE PE=1 SV=1
327,HLA-A*11:01,1,393,401,9,STNYNEIPK,STNYNEIPK,STNYNEIPK,8.83,0.02,sp|Q9NQ76|MEPE_HUMAN,Matrix extracellular phosphoglycoprotein OS=Homo sapiens OX=9606 GN=MEPE PE=1 SV=1
328,HLA-A*30:01,1,424,432,9,KQRFPSKGK,KQRFPSKGK,KQRFPSKGK,11.32,0.04,sp|Q9NQ76|MEPE_HUMAN,Matrix extracellular phosphoglycoprotein OS=Homo sapiens OX=9606 GN=MEPE PE=1 SV=1
329,HLA-A*31:01,1,85,93,9,KSQNYFTNR,KSQNYFTNR,KSQNYFTNR,4.0,0.02,sp|Q9NQ76|MEPE_HUMAN,Matrix extracellular phosphoglycoprotein OS=Homo sapiens OX=9606 GN=MEPE PE=1 SV=1
330,HLA-A*31:01,1,497,505,9,HSNRRFSSR,HSNRRFSSR,HSNRRFSSR,7.32,0.03,sp|Q9NQ76|MEPE_HUMAN,Matrix extracellular phosphoglycoprotein OS=Homo sapiens OX=9606 GN=MEPE PE=1 SV=1
331,HLA-A*68:01,1,340,348,9,DIMGSTNFK,DIMGSTNFK,DIMGSTNFK,8.02,0.06,sp|Q9NQ76|MEPE_HUMAN,Matrix extracellular phosphoglycoprotein OS=Homo sapiens OX=9606 GN=MEPE PE=1 SV=1
332,HLA-A*02:01,1,173,181,9,LLNEFPVFI,LLNEFPVFI,LLNEFPVFI,4.35,0.03,sp|Q12860|CNTN1_HUMAN,Contactin-1 OS=Homo sapiens OX=9606 GN=CNTN1 PE=1 SV=1
333,HLA-A*02:01,1,1001,1009,9,SLLGLLLPA,SLLGLLLPA,SLLGLLLPA,5.89,0.05,sp|Q12860|CNTN1_HUMAN,Contactin-1 OS=Homo sapiens OX=9606 GN=CNTN1 PE=1 SV=1
334,HLA-A*02:01,1,538,546,9,FVWSFNGYV,FVWSFNGYV,FVWSFNGYV,8.23,0.08,sp|Q12860|CNTN1_HUMAN,Contactin-1 OS=Homo sapiens OX=9606 GN=CNTN1 PE=1 SV=1
335,HLA-A*02:01,1,560,568,9,FMLDSNGEL,FMLDSNGEL,FMLDSNGEL,8.41,0.08,sp|Q12860|CNTN1_HUMAN,Contactin-1 OS=Homo sapiens OX=9606 GN=CNTN1 PE=1 SV=1
336,HLA-A*02:01,1,921,929,9,YIITWDHVV,YIITWDHVV,YIITWDHVV,9.42,0.08,sp|Q12860|CNTN1_HUMAN,Contactin-1 OS=Homo sapiens OX=9606 GN=CNTN1 PE=1 SV=1
337,HLA-A*02:01,1,871,879,9,LLPDTQYFI,LLPDTQYFI,LLPDTQYFI,10.15,0.09,sp|Q12860|CNTN1_HUMAN,Contactin-1 OS=Homo sapiens OX=9606 GN=CNTN1 PE=1 SV=1
338,HLA-A*02:01,1,253,261,9,ALMGQNVTL,ALMGQNVTL,ALMGQNVTL,11.9,0.11,sp|Q12860|CNTN1_HUMAN,Contactin-1 OS=Homo sapiens OX=9606 GN=CNTN1 PE=1 SV=1
339,HLA-A*02:01,1,2,10,9,KMWLLVSHL,KMWLLVSHL,KMWLLVSHL,13.34,0.12,sp|Q12860|CNTN1_HUMAN,Contactin-1 OS=Homo sapiens OX=9606 GN=CNTN1 PE=1 SV=1
340,HLA-A*02:03,1,173,181,9,LLNEFPVFI,LLNEFPVFI,LLNEFPVFI,4.2,0.04,sp|Q12860|CNTN1_HUMAN,Contactin-1 OS=Homo sapiens OX=9606 GN=CNTN1 PE=1 SV=1
341,HLA-A*02:03,1,796,804,9,SLVAVINSA,SLVAVINSA,SLVAVINSA,7.19,0.08,sp|Q12860|CNTN1_HUMAN,Contactin-1 OS=Homo sapiens OX=9606 GN=CNTN1 PE=1 SV=1
342,HLA-A*02:03,1,1001,1009,9,SLLGLLLPA,SLLGLLLPA,SLLGLLLPA,7.52,0.09,sp|Q12860|CNTN1_HUMAN,Contactin-1 OS=Homo sapiens OX=9606 GN=CNTN1 PE=1 SV=1
343,HLA-A*02:03,1,560,568,9,FMLDSNGEL,FMLDSNGEL,FMLDSNGEL,9.82,0.13,sp|Q12860|CNTN1_HUMAN,Contactin-1 OS=Homo sapiens OX=9606 GN=CNTN1 PE=1 SV=1
344,HLA-A*02:03,1,508,516,9,ILAPINADI,ILAPINADI,ILAPINADI,12.07,0.18,sp|Q12860|CNTN1_HUMAN,Contactin-1 OS=Homo sapiens OX=9606 GN=CNTN1 PE=1 SV=1
345,HLA-A*02:03,1,5,13,9,LLVSHLVII,LLVSHLVII,LLVSHLVII,12.95,0.19,sp|Q12860|CNTN1_HUMAN,Contactin-1 OS=Homo sapiens OX=9606 GN=CNTN1 PE=1 SV=1
346,HLA-A*02:03,1,997,1005,9,TLSPSLLGL,TLSPSLLGL,TLSPSLLGL,13.4,0.2,sp|Q12860|CNTN1_HUMAN,Contactin-1 OS=Homo sapiens OX=9606 GN=CNTN1 PE=1 SV=1
347,HLA-A*02:03,1,921,929,9,YIITWDHVV,YIITWDHVV,YIITWDHVV,13.73,0.21,sp|Q12860|CNTN1_HUMAN,Contactin-1 OS=Homo sapiens OX=9606 GN=CNTN1 PE=1 SV=1
348,HLA-A*02:03,1,871,879,9,LLPDTQYFI,LLPDTQYFI,LLPDTQYFI,14.19,0.22,sp|Q12860|CNTN1_HUMAN,Contactin-1 OS=Homo sapiens OX=9606 GN=CNTN1 PE=1 SV=1
349,HLA-A*02:06,1,921,929,9,YIITWDHVV,YIITWDHVV,YIITWDHVV,5.55,0.04,sp|Q12860|CNTN1_HUMAN,Contactin-1 OS=Homo sapiens OX=9606 GN=CNTN1 PE=1 SV=1
350,HLA-A*02:06,1,538,546,9,FVWSFNGYV,FVWSFNGYV,FVWSFNGYV,5.78,0.04,sp|Q12860|CNTN1_HUMAN,Contactin-1 OS=Homo sapiens OX=9606 GN=CNTN1 PE=1 SV=1
351,HLA-A*02:06,1,1001,1009,9,SLLGLLLPA,SLLGLLLPA,SLLGLLLPA,6.04,0.04,sp|Q12860|CNTN1_HUMAN,Contactin-1 OS=Homo sapiens OX=9606 GN=CNTN1 PE=1 SV=1
352,HLA-A*02:06,1,173,181,9,LLNEFPVFI,LLNEFPVFI,LLNEFPVFI,12.05,0.12,sp|Q12860|CNTN1_HUMAN,Contactin-1 OS=Homo sapiens OX=9606 GN=CNTN1 PE=1 SV=1
353,HLA-A*02:06,1,923,931,9,ITWDHVVAL,ITWDHVVAL,ITWDHVVAL,12.84,0.12,sp|Q12860|CNTN1_HUMAN,Contactin-1 OS=Homo sapiens OX=9606 GN=CNTN1 PE=1 SV=1
354,HLA-A*02:06,1,221,229,9,SVFSKFIPL,SVFSKFIPL,SVFSKFIPL,13.63,0.13,sp|Q12860|CNTN1_HUMAN,Contactin-1 OS=Homo sapiens OX=9606 GN=CNTN1 PE=1 SV=1
355,HLA-A*02:06,1,560,568,9,FMLDSNGEL,FMLDSNGEL,FMLDSNGEL,14.54,0.14,sp|Q12860|CNTN1_HUMAN,Contactin-1 OS=Homo sapiens OX=9606 GN=CNTN1 PE=1 SV=1
356,HLA-A*11:01,1,68,76,9,RASPFPVYK,RASPFPVYK,RASPFPVYK,6.17,0.02,sp|Q12860|CNTN1_HUMAN,Contactin-1 OS=Homo sapiens OX=9606 GN=CNTN1 PE=1 SV=1
357,HLA-A*11:01,1,217,225,9,SITKSVFSK,SITKSVFSK,SITKSVFSK,11.78,0.04,sp|Q12860|CNTN1_HUMAN,Contactin-1 OS=Homo sapiens OX=9606 GN=CNTN1 PE=1 SV=1
358,HLA-A*11:01,1,399,407,9,AIYANAELK,AIYANAELK,AIYANAELK,13.71,0.06,sp|Q12860|CNTN1_HUMAN,Contactin-1 OS=Homo sapiens OX=9606 GN=CNTN1 PE=1 SV=1
359,HLA-A*23:01,1,325,333,9,IYVQAFPEW,IYVQAFPEW,IYVQAFPEW,10.32,0.03,sp|Q12860|CNTN1_HUMAN,Contactin-1 OS=Homo sapiens OX=9606 GN=CNTN1 PE=1 SV=1
360,HLA-A*24:02,1,325,333,9,IYVQAFPEW,IYVQAFPEW,IYVQAFPEW,14.2,0.03,sp|Q12860|CNTN1_HUMAN,Contactin-1 OS=Homo sapiens OX=9606 GN=CNTN1 PE=1 SV=1
361,HLA-A*26:01,1,772,780,9,ETMSPSTAF,ETMSPSTAF,ETMSPSTAF,14.11,0.02,sp|Q12860|CNTN1_HUMAN,Contactin-1 OS=Homo sapiens OX=9606 GN=CNTN1 PE=1 SV=1
362,HLA-A*30:01,1,66,74,9,RARASPFPV,RARASPFPV,RARASPFPV,4.46,0.02,sp|Q12860|CNTN1_HUMAN,Contactin-1 OS=Homo sapiens OX=9606 GN=CNTN1 PE=1 SV=1
363,HLA-A*30:01,1,914,922,9,SVRSGSRYI,SVRSGSRYI,SVRSGSRYI,9.67,0.03,sp|Q12860|CNTN1_HUMAN,Contactin-1 OS=Homo sapiens OX=9606 GN=CNTN1 PE=1 SV=1
364,HLA-A*30:01,1,68,76,9,RASPFPVYK,RASPFPVYK,RASPFPVYK,11.89,0.04,sp|Q12860|CNTN1_HUMAN,Contactin-1 OS=Homo sapiens OX=9606 GN=CNTN1 PE=1 SV=1
365,HLA-A*32:01,1,407,415,9,KILALAPTF,KILALAPTF,KILALAPTF,14.09,0.02,sp|Q12860|CNTN1_HUMAN,Contactin-1 OS=Homo sapiens OX=9606 GN=CNTN1 PE=1 SV=1
366,HLA-A*33:01,1,18,26,9,CLAEFTWYR,CLAEFTWYR,CLAEFTWYR,13.92,0.02,sp|Q12860|CNTN1_HUMAN,Contactin-1 OS=Homo sapiens OX=9606 GN=CNTN1 PE=1 SV=1
367,HLA-A*68:01,1,618,626,9,TSVALTWSR,TSVALTWSR,TSVALTWSR,5.03,0.03,sp|Q12860|CNTN1_HUMAN,Contactin-1 OS=Homo sapiens OX=9606 GN=CNTN1 PE=1 SV=1
368,HLA-A*68:01,1,960,968,9,HSIEVPIPR,HSIEVPIPR,HSIEVPIPR,5.12,0.03,sp|Q12860|CNTN1_HUMAN,Contactin-1 OS=Homo sapiens OX=9606 GN=CNTN1 PE=1 SV=1
369,HLA-A*68:01,1,18,26,9,CLAEFTWYR,CLAEFTWYR,CLAEFTWYR,9.23,0.07,sp|Q12860|CNTN1_HUMAN,Contactin-1 OS=Homo sapiens OX=9606 GN=CNTN1 PE=1 SV=1
370,HLA-A*68:01,1,369,377,9,YAYHKGELR,YAYHKGELR,YAYHKGELR,10.0,0.08,sp|Q12860|CNTN1_HUMAN,Contactin-1 OS=Homo sapiens OX=9606 GN=CNTN1 PE=1 SV=1
371,HLA-A*68:01,1,482,490,9,YTCFAENNR,YTCFAENNR,YTCFAENNR,13.09,0.13,sp|Q12860|CNTN1_HUMAN,Contactin-1 OS=Homo sapiens OX=9606 GN=CNTN1 PE=1 SV=1
372,HLA-A*68:01,1,212,220,9,FVSSPSITK,FVSSPSITK,FVSSPSITK,13.78,0.13,sp|Q12860|CNTN1_HUMAN,Contactin-1 OS=Homo sapiens OX=9606 GN=CNTN1 PE=1 SV=1
373,HLA-A*68:02,1,538,546,9,FVWSFNGYV,FVWSFNGYV,FVWSFNGYV,8.53,0.06,sp|Q12860|CNTN1_HUMAN,Contactin-1 OS=Homo sapiens OX=9606 GN=CNTN1 PE=1 SV=1
374,HLA-B*35:01,1,240,248,9,YPADIVVQF,YPADIVVQF,YPADIVVQF,3.07,0.01,sp|Q12860|CNTN1_HUMAN,Contactin-1 OS=Homo sapiens OX=9606 GN=CNTN1 PE=1 SV=1
375,HLA-B*35:01,1,1007,1015,9,LPAFGILVY,LPAFGILVY,LPAFGILVY,3.32,0.01,sp|Q12860|CNTN1_HUMAN,Contactin-1 OS=Homo sapiens OX=9606 GN=CNTN1 PE=1 SV=1
376,HLA-B*35:01,1,154,162,9,MVLLCDPPY,MVLLCDPPY,MVLLCDPPY,10.73,0.03,sp|Q12860|CNTN1_HUMAN,Contactin-1 OS=Homo sapiens OX=9606 GN=CNTN1 PE=1 SV=1
377,HLA-B*44:02,1,393,401,9,AENTYGAIY,AENTYGAIY,AENTYGAIY,13.52,0.02,sp|Q12860|CNTN1_HUMAN,Contactin-1 OS=Homo sapiens OX=9606 GN=CNTN1 PE=1 SV=1
378,HLA-B*44:03,1,393,401,9,AENTYGAIY,AENTYGAIY,AENTYGAIY,12.18,0.01,sp|Q12860|CNTN1_HUMAN,Contactin-1 OS=Homo sapiens OX=9606 GN=CNTN1 PE=1 SV=1
379,HLA-B*44:03,1,20,28,9,AEFTWYRRY,AEFTWYRRY,AEFTWYRRY,13.31,0.02,sp|Q12860|CNTN1_HUMAN,Contactin-1 OS=Homo sapiens OX=9606 GN=CNTN1 PE=1 SV=1
380,HLA-B*53:01,1,164,172,9,FPDDLSYRW,FPDDLSYRW,FPDDLSYRW,4.73,0.02,sp|Q12860|CNTN1_HUMAN,Contactin-1 OS=Homo sapiens OX=9606 GN=CNTN1 PE=1 SV=1
381,HLA-B*53:01,1,240,248,9,YPADIVVQF,YPADIVVQF,YPADIVVQF,8.48,0.02,sp|Q12860|CNTN1_HUMAN,Contactin-1 OS=Homo sapiens OX=9606 GN=CNTN1 PE=1 SV=1
382,HLA-B*57:01,1,616,624,9,RATSVALTW,RATSVALTW,RATSVALTW,8.07,0.02,sp|Q12860|CNTN1_HUMAN,Contactin-1 OS=Homo sapiens OX=9606 GN=CNTN1 PE=1 SV=1
383,HLA-B*57:01,1,16,24,9,TTCLAEFTW,TTCLAEFTW,TTCLAEFTW,15.0,0.04,sp|Q12860|CNTN1_HUMAN,Contactin-1 OS=Homo sapiens OX=9606 GN=CNTN1 PE=1 SV=1
384,HLA-B*58:01,1,616,624,9,RATSVALTW,RATSVALTW,RATSVALTW,2.27,0.01,sp|Q12860|CNTN1_HUMAN,Contactin-1 OS=Homo sapiens OX=9606 GN=CNTN1 PE=1 SV=1
385,HLA-B*58:01,1,821,829,9,SSSEISVHW,SSSEISVHW,SSSEISVHW,4.19,0.02,sp|Q12860|CNTN1_HUMAN,Contactin-1 OS=Homo sapiens OX=9606 GN=CNTN1 PE=1 SV=1
386,HLA-B*58:01,1,16,24,9,TTCLAEFTW,TTCLAEFTW,TTCLAEFTW,5.17,0.02,sp|Q12860|CNTN1_HUMAN,Contactin-1 OS=Homo sapiens OX=9606 GN=CNTN1 PE=1 SV=1
387,HLA-B*58:01,1,446,454,9,FSWSKGTEW,FSWSKGTEW,FSWSKGTEW,6.31,0.03,sp|Q12860|CNTN1_HUMAN,Contactin-1 OS=Homo sapiens OX=9606 GN=CNTN1 PE=1 SV=1
388,HLA-B*58:01,1,124,132,9,RSTEATLSF,RSTEATLSF,RSTEATLSF,10.28,0.06,sp|Q12860|CNTN1_HUMAN,Contactin-1 OS=Homo sapiens OX=9606 GN=CNTN1 PE=1 SV=1
389,HLA-A*02:01,1,131,139,9,FMGNYMDRV,FMGNYMDRV,FMGNYMDRV,6.07,0.05,sp|O75594|PGRP1_HUMAN,Peptidoglycan recognition protein 1 OS=Homo sapiens OX=9606 GN=PGLYRP1 PE=1 SV=1
390,HLA-A*02:01,1,7,15,9,LLAWALPSL,LLAWALPSL,LLAWALPSL,7.04,0.06,sp|O75594|PGRP1_HUMAN,Peptidoglycan recognition protein 1 OS=Homo sapiens OX=9606 GN=PGLYRP1 PE=1 SV=1
391,HLA-A*02:03,1,131,139,9,FMGNYMDRV,FMGNYMDRV,FMGNYMDRV,4.15,0.04,sp|O75594|PGRP1_HUMAN,Peptidoglycan recognition protein 1 OS=Homo sapiens OX=9606 GN=PGLYRP1 PE=1 SV=1
392,HLA-A*02:03,1,7,15,9,LLAWALPSL,LLAWALPSL,LLAWALPSL,4.88,0.05,sp|O75594|PGRP1_HUMAN,Peptidoglycan recognition protein 1 OS=Homo sapiens OX=9606 GN=PGLYRP1 PE=1 SV=1
393,HLA-A*02:03,1,97,105,9,FLIGEDGLV,FLIGEDGLV,FLIGEDGLV,7.14,0.08,sp|O75594|PGRP1_HUMAN,Peptidoglycan recognition protein 1 OS=Homo sapiens OX=9606 GN=PGLYRP1 PE=1 SV=1
394,HLA-A*02:03,1,49,57,9,HLSLPLRYV,HLSLPLRYV,HLSLPLRYV,14.65,0.23,sp|O75594|PGRP1_HUMAN,Peptidoglycan recognition protein 1 OS=Homo sapiens OX=9606 GN=PGLYRP1 PE=1 SV=1
395,HLA-A*02:06,1,131,139,9,FMGNYMDRV,FMGNYMDRV,FMGNYMDRV,9.36,0.07,sp|O75594|PGRP1_HUMAN,Peptidoglycan recognition protein 1 OS=Homo sapiens OX=9606 GN=PGLYRP1 PE=1 SV=1
396,HLA-A*02:06,1,7,15,9,LLAWALPSL,LLAWALPSL,LLAWALPSL,10.19,0.09,sp|O75594|PGRP1_HUMAN,Peptidoglycan recognition protein 1 OS=Homo sapiens OX=9606 GN=PGLYRP1 PE=1 SV=1
397,HLA-A*30:01,1,1,9,9,MSRRSMLLA,MSRRSMLLA,MSRRSMLLA,4.48,0.02,sp|O75594|PGRP1_HUMAN,Peptidoglycan recognition protein 1 OS=Homo sapiens OX=9606 GN=PGLYRP1 PE=1 SV=1
398,HLA-A*30:01,1,160,168,9,ALRSNYVLK,ALRSNYVLK,ALRSNYVLK,7.61,0.02,sp|O75594|PGRP1_HUMAN,Peptidoglycan recognition protein 1 OS=Homo sapiens OX=9606 GN=PGLYRP1 PE=1 SV=1
399,HLA-A*31:01,1,186,194,9,LIQNWPHYR,LIQNWPHYR,LIQNWPHYR,7.43,0.03,sp|O75594|PGRP1_HUMAN,Peptidoglycan recognition protein 1 OS=Homo sapiens OX=9606 GN=PGLYRP1 PE=1 SV=1
400,HLA-A*32:01,1,4,12,9,RSMLLAWAL,RSMLLAWAL,RSMLLAWAL,8.82,0.02,sp|O75594|PGRP1_HUMAN,Peptidoglycan recognition protein 1 OS=Homo sapiens OX=9606 GN=PGLYRP1 PE=1 SV=1
401,HLA-B*07:02,1,34,42,9,VPRNEWKAL,VPRNEWKAL,VPRNEWKAL,4.79,0.02,sp|O75594|PGRP1_HUMAN,Peptidoglycan recognition protein 1 OS=Homo sapiens OX=9606 GN=PGLYRP1 PE=1 SV=1
402,HLA-B*35:01,1,123,131,9,NPMSIGISF,NPMSIGISF,NPMSIGISF,5.58,0.02,sp|O75594|PGRP1_HUMAN,Peptidoglycan recognition protein 1 OS=Homo sapiens OX=9606 GN=PGLYRP1 PE=1 SV=1
403,HLA-A*02:01,1,265,273,9,FIIDTTYPA,FIIDTTYPA,FIIDTTYPA,3.27,0.02,sp|Q12884|SEPR_HUMAN,Prolyl endopeptidase FAP OS=Homo sapiens OX=9606 GN=FAP PE=1 SV=5
404,HLA-A*02:01,1,120,128,9,KLWRYSYTA,KLWRYSYTA,KLWRYSYTA,5.52,0.04,sp|Q12884|SEPR_HUMAN,Prolyl endopeptidase FAP OS=Homo sapiens OX=9606 GN=FAP PE=1 SV=5
405,HLA-A*02:03,1,265,273,9,FIIDTTYPA,FIIDTTYPA,FIIDTTYPA,3.66,0.04,sp|Q12884|SEPR_HUMAN,Prolyl endopeptidase FAP OS=Homo sapiens OX=9606 GN=FAP PE=1 SV=5
406,HLA-A*02:03,1,560,568,9,YLASKEGMV,YLASKEGMV,YLASKEGMV,5.72,0.06,sp|Q12884|SEPR_HUMAN,Prolyl endopeptidase FAP OS=Homo sapiens OX=9606 GN=FAP PE=1 SV=5
407,HLA-A*02:03,1,639,647,9,GLFKCGIAV,GLFKCGIAV,GLFKCGIAV,13.74,0.21,sp|Q12884|SEPR_HUMAN,Prolyl endopeptidase FAP OS=Homo sapiens OX=9606 GN=FAP PE=1 SV=5
408,HLA-A*02:03,1,579,587,9,FQGDKLLYA,FQGDKLLYA,FQGDKLLYA,14.24,0.22,sp|Q12884|SEPR_HUMAN,Prolyl endopeptidase FAP OS=Homo sapiens OX=9606 GN=FAP PE=1 SV=5
409,HLA-A*02:06,1,265,273,9,FIIDTTYPA,FIIDTTYPA,FIIDTTYPA,2.33,0.02,sp|Q12884|SEPR_HUMAN,Prolyl endopeptidase FAP OS=Homo sapiens OX=9606 GN=FAP PE=1 SV=5
410,HLA-A*02:06,1,553,561,9,FAVNWISYL,FAVNWISYL,FAVNWISYL,6.81,0.05,sp|Q12884|SEPR_HUMAN,Prolyl endopeptidase FAP OS=Homo sapiens OX=9606 GN=FAP PE=1 SV=5
411,HLA-A*02:06,1,579,587,9,FQGDKLLYA,FQGDKLLYA,FQGDKLLYA,7.57,0.05,sp|Q12884|SEPR_HUMAN,Prolyl endopeptidase FAP OS=Homo sapiens OX=9606 GN=FAP PE=1 SV=5
412,HLA-A*02:06,1,124,132,9,YSYTATYYI,YSYTATYYI,YSYTATYYI,9.09,0.07,sp|Q12884|SEPR_HUMAN,Prolyl endopeptidase FAP OS=Homo sapiens OX=9606 GN=FAP PE=1 SV=5
413,HLA-A*02:06,1,651,659,9,SSWEYYASV,SSWEYYASV,SSWEYYASV,10.17,0.09,sp|Q12884|SEPR_HUMAN,Prolyl endopeptidase FAP OS=Homo sapiens OX=9606 GN=FAP PE=1 SV=5
414,HLA-A*02:06,1,164,172,9,YVYQNNIYL,YVYQNNIYL,YVYQNNIYL,10.61,0.1,sp|Q12884|SEPR_HUMAN,Prolyl endopeptidase FAP OS=Homo sapiens OX=9606 GN=FAP PE=1 SV=5
415,HLA-A*02:06,1,120,128,9,KLWRYSYTA,KLWRYSYTA,KLWRYSYTA,14.24,0.14,sp|Q12884|SEPR_HUMAN,Prolyl endopeptidase FAP OS=Homo sapiens OX=9606 GN=FAP PE=1 SV=5
416,HLA-A*03:01,1,47,55,9,ILNGTFSYK,ILNGTFSYK,ILNGTFSYK,7.79,0.02,sp|Q12884|SEPR_HUMAN,Prolyl endopeptidase FAP OS=Homo sapiens OX=9606 GN=FAP PE=1 SV=5
417,HLA-A*11:01,1,246,254,9,RTINIPYPK,RTINIPYPK,RTINIPYPK,3.63,0.01,sp|Q12884|SEPR_HUMAN,Prolyl endopeptidase FAP OS=Homo sapiens OX=9606 GN=FAP PE=1 SV=5
418,HLA-A*11:01,1,37,45,9,NTMRALTLK,NTMRALTLK,NTMRALTLK,8.18,0.02,sp|Q12884|SEPR_HUMAN,Prolyl endopeptidase FAP OS=Homo sapiens OX=9606 GN=FAP PE=1 SV=5
419,HLA-A*11:01,1,745,753,9,YTHMTHFLK,YTHMTHFLK,YTHMTHFLK,10.21,0.03,sp|Q12884|SEPR_HUMAN,Prolyl endopeptidase FAP OS=Homo sapiens OX=9606 GN=FAP PE=1 SV=5
420,HLA-A*30:01,1,246,254,9,RTINIPYPK,RTINIPYPK,RTINIPYPK,11.51,0.04,sp|Q12884|SEPR_HUMAN,Prolyl endopeptidase FAP OS=Homo sapiens OX=9606 GN=FAP PE=1 SV=5
421,HLA-A*30:01,1,530,538,9,RSKKYPLLI,RSKKYPLLI,RSKKYPLLI,14.56,0.06,sp|Q12884|SEPR_HUMAN,Prolyl endopeptidase FAP OS=Homo sapiens OX=9606 GN=FAP PE=1 SV=5
422,HLA-A*31:01,1,682,690,9,VMARAEYFR,VMARAEYFR,VMARAEYFR,7.59,0.04,sp|Q12884|SEPR_HUMAN,Prolyl endopeptidase FAP OS=Homo sapiens OX=9606 GN=FAP PE=1 SV=5
423,HLA-A*31:01,1,246,254,9,RTINIPYPK,RTINIPYPK,RTINIPYPK,8.28,0.04,sp|Q12884|SEPR_HUMAN,Prolyl endopeptidase FAP OS=Homo sapiens OX=9606 GN=FAP PE=1 SV=5
424,HLA-A*33:01,1,655,663,9,YYASVYTER,YYASVYTER,YYASVYTER,13.35,0.02,sp|Q12884|SEPR_HUMAN,Prolyl endopeptidase FAP OS=Homo sapiens OX=9606 GN=FAP PE=1 SV=5
425,HLA-A*68:01,1,567,575,9,MVIALVDGR,MVIALVDGR,MVIALVDGR,3.83,0.02,sp|Q12884|SEPR_HUMAN,Prolyl endopeptidase FAP OS=Homo sapiens OX=9606 GN=FAP PE=1 SV=5
426,HLA-A*68:01,1,745,753,9,YTHMTHFLK,YTHMTHFLK,YTHMTHFLK,5.4,0.03,sp|Q12884|SEPR_HUMAN,Prolyl endopeptidase FAP OS=Homo sapiens OX=9606 GN=FAP PE=1 SV=5
427,HLA-A*68:01,1,386,394,9,NAIQITSGK,NAIQITSGK,NAIQITSGK,7.21,0.05,sp|Q12884|SEPR_HUMAN,Prolyl endopeptidase FAP OS=Homo sapiens OX=9606 GN=FAP PE=1 SV=5
428,HLA-A*68:01,1,37,45,9,NTMRALTLK,NTMRALTLK,NTMRALTLK,7.74,0.05,sp|Q12884|SEPR_HUMAN,Prolyl endopeptidase FAP OS=Homo sapiens OX=9606 GN=FAP PE=1 SV=5
429,HLA-A*68:01,1,316,324,9,SVLSICDFR,SVLSICDFR,SVLSICDFR,9.99,0.08,sp|Q12884|SEPR_HUMAN,Prolyl endopeptidase FAP OS=Homo sapiens OX=9606 GN=FAP PE=1 SV=5
430,HLA-A*68:01,1,85,93,9,QSYTILSNR,QSYTILSNR,QSYTILSNR,11.07,0.1,sp|Q12884|SEPR_HUMAN,Prolyl endopeptidase FAP OS=Homo sapiens OX=9606 GN=FAP PE=1 SV=5
431,HLA-A*68:01,1,452,460,9,TASFSDYAK,TASFSDYAK,TASFSDYAK,11.68,0.11,sp|Q12884|SEPR_HUMAN,Prolyl endopeptidase FAP OS=Homo sapiens OX=9606 GN=FAP PE=1 SV=5
432,HLA-A*68:02,1,451,459,9,YTASFSDYA,YTASFSDYA,YTASFSDYA,5.35,0.03,sp|Q12884|SEPR_HUMAN,Prolyl endopeptidase FAP OS=Homo sapiens OX=9606 GN=FAP PE=1 SV=5
433,HLA-A*68:02,1,124,132,9,YSYTATYYI,YSYTATYYI,YSYTATYYI,5.48,0.03,sp|Q12884|SEPR_HUMAN,Prolyl endopeptidase FAP OS=Homo sapiens OX=9606 GN=FAP PE=1 SV=5
434,HLA-A*68:02,1,265,273,9,FIIDTTYPA,FIIDTTYPA,FIIDTTYPA,7.14,0.05,sp|Q12884|SEPR_HUMAN,Prolyl endopeptidase FAP OS=Homo sapiens OX=9606 GN=FAP PE=1 SV=5
435,HLA-B*15:01,1,407,415,9,SLFYSSNEF,SLFYSSNEF,SLFYSSNEF,11.61,0.03,sp|Q12884|SEPR_HUMAN,Prolyl endopeptidase FAP OS=Homo sapiens OX=9606 GN=FAP PE=1 SV=5
436,HLA-B*15:01,1,743,751,9,HLYTHMTHF,HLYTHMTHF,HLYTHMTHF,14.76,0.04,sp|Q12884|SEPR_HUMAN,Prolyl endopeptidase FAP OS=Homo sapiens OX=9606 GN=FAP PE=1 SV=5
437,HLA-B*35:01,1,244,252,9,YPRTINIPY,YPRTINIPY,YPRTINIPY,3.97,0.02,sp|Q12884|SEPR_HUMAN,Prolyl endopeptidase FAP OS=Homo sapiens OX=9606 GN=FAP PE=1 SV=5
438,HLA-B*35:01,1,215,223,9,SPNGKFLAY,SPNGKFLAY,SPNGKFLAY,9.46,0.03,sp|Q12884|SEPR_HUMAN,Prolyl endopeptidase FAP OS=Homo sapiens OX=9606 GN=FAP PE=1 SV=5
439,HLA-B*35:01,1,357,365,9,FSYDAISYY,FSYDAISYY,FSYDAISYY,10.9,0.03,sp|Q12884|SEPR_HUMAN,Prolyl endopeptidase FAP OS=Homo sapiens OX=9606 GN=FAP PE=1 SV=5
440,HLA-B*35:01,1,351,359,9,FVSTPVFSY,FVSTPVFSY,FVSTPVFSY,11.4,0.03,sp|Q12884|SEPR_HUMAN,Prolyl endopeptidase FAP OS=Homo sapiens OX=9606 GN=FAP PE=1 SV=5
441,HLA-B*35:01,1,156,164,9,SPVGSKLAY,SPVGSKLAY,SPVGSKLAY,12.46,0.03,sp|Q12884|SEPR_HUMAN,Prolyl endopeptidase FAP OS=Homo sapiens OX=9606 GN=FAP PE=1 SV=5
442,HLA-B*35:01,1,285,293,9,MIASSDYYF,MIASSDYYF,MIASSDYYF,14.07,0.04,sp|Q12884|SEPR_HUMAN,Prolyl endopeptidase FAP OS=Homo sapiens OX=9606 GN=FAP PE=1 SV=5
443,HLA-B*35:01,1,231,239,9,IPVIAYSYY,IPVIAYSYY,IPVIAYSYY,14.11,0.04,sp|Q12884|SEPR_HUMAN,Prolyl endopeptidase FAP OS=Homo sapiens OX=9606 GN=FAP PE=1 SV=5
444,HLA-B*40:01,1,138,146,9,GEFVRGNEL,GEFVRGNEL,GEFVRGNEL,13.82,0.04,sp|Q12884|SEPR_HUMAN,Prolyl endopeptidase FAP OS=Homo sapiens OX=9606 GN=FAP PE=1 SV=5
445,HLA-B*58:01,1,287,295,9,ASSDYYFSW,ASSDYYFSW,ASSDYYFSW,4.67,0.02,sp|Q12884|SEPR_HUMAN,Prolyl endopeptidase FAP OS=Homo sapiens OX=9606 GN=FAP PE=1 SV=5
446,HLA-B*58:01,1,645,653,9,IAVAPVSSW,IAVAPVSSW,IAVAPVSSW,5.54,0.03,sp|Q12884|SEPR_HUMAN,Prolyl endopeptidase FAP OS=Homo sapiens OX=9606 GN=FAP PE=1 SV=5
447,HLA-B*58:01,1,206,214,9,LATKYALWW,LATKYALWW,LATKYALWW,7.42,0.04,sp|Q12884|SEPR_HUMAN,Prolyl endopeptidase FAP OS=Homo sapiens OX=9606 GN=FAP PE=1 SV=5
448,HLA-A*01:01,1,45,53,9,LTDYLKNTY,LTDYLKNTY,LTDYLKNTY,10.45,0.02,sp|P27487|DPP4_HUMAN,Dipeptidyl peptidase 4 OS=Homo sapiens OX=9606 GN=DPP4 PE=1 SV=2
449,HLA-A*02:01,1,166,174,9,YVWNNDIYV,YVWNNDIYV,YVWNNDIYV,3.6,0.02,sp|P27487|DPP4_HUMAN,Dipeptidyl peptidase 4 OS=Homo sapiens OX=9606 GN=DPP4 PE=1 SV=2
450,HLA-A*02:01,1,396,404,9,FITKGTWEV,FITKGTWEV,FITKGTWEV,5.92,0.05,sp|P27487|DPP4_HUMAN,Dipeptidyl peptidase 4 OS=Homo sapiens OX=9606 GN=DPP4 PE=1 SV=2
451,HLA-A*02:01,1,299,307,9,YLCDVTWAT,YLCDVTWAT,YLCDVTWAT,9.56,0.08,sp|P27487|DPP4_HUMAN,Dipeptidyl peptidase 4 OS=Homo sapiens OX=9606 GN=DPP4 PE=1 SV=2
452,HLA-A*02:01,1,410,418,9,LTSDYLYYI,LTSDYLYYI,LTSDYLYYI,10.59,0.1,sp|P27487|DPP4_HUMAN,Dipeptidyl peptidase 4 OS=Homo sapiens OX=9606 GN=DPP4 PE=1 SV=2
453,HLA-A*02:01,1,113,121,9,FILLEYNYV,FILLEYNYV,FILLEYNYV,11.21,0.11,sp|P27487|DPP4_HUMAN,Dipeptidyl peptidase 4 OS=Homo sapiens OX=9606 GN=DPP4 PE=1 SV=2
454,HLA-A*02:01,1,10,18,9,GLLGAAALV,GLLGAAALV,GLLGAAALV,12.8,0.12,sp|P27487|DPP4_HUMAN,Dipeptidyl peptidase 4 OS=Homo sapiens OX=9606 GN=DPP4 PE=1 SV=2
455,HLA-A*02:01,1,292,300,9,SMLIGDHYL,SMLIGDHYL,SMLIGDHYL,14.27,0.14,sp|P27487|DPP4_HUMAN,Dipeptidyl peptidase 4 OS=Homo sapiens OX=9606 GN=DPP4 PE=1 SV=2
456,HLA-A*02:03,1,396,404,9,FITKGTWEV,FITKGTWEV,FITKGTWEV,7.04,0.08,sp|P27487|DPP4_HUMAN,Dipeptidyl peptidase 4 OS=Homo sapiens OX=9606 GN=DPP4 PE=1 SV=2
457,HLA-A*02:03,1,611,619,9,RQFSKMGFV,RQFSKMGFV,RQFSKMGFV,10.38,0.14,sp|P27487|DPP4_HUMAN,Dipeptidyl peptidase 4 OS=Homo sapiens OX=9606 GN=DPP4 PE=1 SV=2
458,HLA-A*02:03,1,68,76,9,YLYKQENNI,YLYKQENNI,YLYKQENNI,12.67,0.19,sp|P27487|DPP4_HUMAN,Dipeptidyl peptidase 4 OS=Homo sapiens OX=9606 GN=DPP4 PE=1 SV=2
459,HLA-A*02:06,1,166,174,9,YVWNNDIYV,YVWNNDIYV,YVWNNDIYV,2.79,0.02,sp|P27487|DPP4_HUMAN,Dipeptidyl peptidase 4 OS=Homo sapiens OX=9606 GN=DPP4 PE=1 SV=2
460,HLA-A*02:06,1,396,404,9,FITKGTWEV,FITKGTWEV,FITKGTWEV,3.85,0.03,sp|P27487|DPP4_HUMAN,Dipeptidyl peptidase 4 OS=Homo sapiens OX=9606 GN=DPP4 PE=1 SV=2
461,HLA-A*02:06,1,410,418,9,LTSDYLYYI,LTSDYLYYI,LTSDYLYYI,4.1,0.03,sp|P27487|DPP4_HUMAN,Dipeptidyl peptidase 4 OS=Homo sapiens OX=9606 GN=DPP4 PE=1 SV=2
462,HLA-A*02:06,1,113,121,9,FILLEYNYV,FILLEYNYV,FILLEYNYV,5.77,0.04,sp|P27487|DPP4_HUMAN,Dipeptidyl peptidase 4 OS=Homo sapiens OX=9606 GN=DPP4 PE=1 SV=2
463,HLA-A*02:06,1,611,619,9,RQFSKMGFV,RQFSKMGFV,RQFSKMGFV,11.04,0.11,sp|P27487|DPP4_HUMAN,Dipeptidyl peptidase 4 OS=Homo sapiens OX=9606 GN=DPP4 PE=1 SV=2
464,HLA-A*02:06,1,299,307,9,YLCDVTWAT,YLCDVTWAT,YLCDVTWAT,13.36,0.13,sp|P27487|DPP4_HUMAN,Dipeptidyl peptidase 4 OS=Homo sapiens OX=9606 GN=DPP4 PE=1 SV=2
465,HLA-A*11:01,1,250,258,9,KTVRVPYPK,KTVRVPYPK,KTVRVPYPK,6.57,0.02,sp|P27487|DPP4_HUMAN,Dipeptidyl peptidase 4 OS=Homo sapiens OX=9606 GN=DPP4 PE=1 SV=2
466,HLA-A*11:01,1,528,536,9,MILPPHFDK,MILPPHFDK,MILPPHFDK,13.63,0.06,sp|P27487|DPP4_HUMAN,Dipeptidyl peptidase 4 OS=Homo sapiens OX=9606 GN=DPP4 PE=1 SV=2
467,HLA-A*23:01,1,751,759,9,IYTHMSHFI,IYTHMSHFI,IYTHMSHFI,11.19,0.03,sp|P27487|DPP4_HUMAN,Dipeptidyl peptidase 4 OS=Homo sapiens OX=9606 GN=DPP4 PE=1 SV=2
468,HLA-A*24:02,1,751,759,9,IYTHMSHFI,IYTHMSHFI,IYTHMSHFI,8.88,0.02,sp|P27487|DPP4_HUMAN,Dipeptidyl peptidase 4 OS=Homo sapiens OX=9606 GN=DPP4 PE=1 SV=2
469,HLA-A*30:01,1,182,190,9,SYRITWTGK,SYRITWTGK,SYRITWTGK,11.38,0.04,sp|P27487|DPP4_HUMAN,Dipeptidyl peptidase 4 OS=Homo sapiens OX=9606 GN=DPP4 PE=1 SV=2
470,HLA-A*31:01,1,589,597,9,KIMHAINRR,KIMHAINRR,KIMHAINRR,9.56,0.04,sp|P27487|DPP4_HUMAN,Dipeptidyl peptidase 4 OS=Homo sapiens OX=9606 GN=DPP4 PE=1 SV=2
471,HLA-A*33:01,1,117,125,9,EYNYVKQWR,EYNYVKQWR,EYNYVKQWR,13.69,0.02,sp|P27487|DPP4_HUMAN,Dipeptidyl peptidase 4 OS=Homo sapiens OX=9606 GN=DPP4 PE=1 SV=2
472,HLA-A*68:01,1,348,356,9,MSTTGWVGR,MSTTGWVGR,MSTTGWVGR,9.88,0.08,sp|P27487|DPP4_HUMAN,Dipeptidyl peptidase 4 OS=Homo sapiens OX=9606 GN=DPP4 PE=1 SV=2
473,HLA-A*68:01,1,752,760,9,YTHMSHFIK,YTHMSHFIK,YTHMSHFIK,11.68,0.11,sp|P27487|DPP4_HUMAN,Dipeptidyl peptidase 4 OS=Homo sapiens OX=9606 GN=DPP4 PE=1 SV=2
474,HLA-A*68:01,1,302,310,9,DVTWATQER,DVTWATQER,DVTWATQER,13.49,0.13,sp|P27487|DPP4_HUMAN,Dipeptidyl peptidase 4 OS=Homo sapiens OX=9606 GN=DPP4 PE=1 SV=2
475,HLA-A*68:01,1,350,358,9,TTGWVGRFR,TTGWVGRFR,TTGWVGRFR,14.17,0.14,sp|P27487|DPP4_HUMAN,Dipeptidyl peptidase 4 OS=Homo sapiens OX=9606 GN=DPP4 PE=1 SV=2
476,HLA-A*68:02,1,410,418,9,LTSDYLYYI,LTSDYLYYI,LTSDYLYYI,5.93,0.03,sp|P27487|DPP4_HUMAN,Dipeptidyl peptidase 4 OS=Homo sapiens OX=9606 GN=DPP4 PE=1 SV=2
477,HLA-A*68:02,1,17,25,9,LVTIITVPV,LVTIITVPV,LVTIITVPV,8.0,0.06,sp|P27487|DPP4_HUMAN,Dipeptidyl peptidase 4 OS=Homo sapiens OX=9606 GN=DPP4 PE=1 SV=2
478,HLA-A*68:02,1,283,291,9,TSIQITAPA,TSIQITAPA,TSIQITAPA,9.76,0.07,sp|P27487|DPP4_HUMAN,Dipeptidyl peptidase 4 OS=Homo sapiens OX=9606 GN=DPP4 PE=1 SV=2
479,HLA-A*68:02,1,206,214,9,EVFSAYSAL,EVFSAYSAL,EVFSAYSAL,10.41,0.07,sp|P27487|DPP4_HUMAN,Dipeptidyl peptidase 4 OS=Homo sapiens OX=9606 GN=DPP4 PE=1 SV=2
480,HLA-A*68:02,1,166,174,9,YVWNNDIYV,YVWNNDIYV,YVWNNDIYV,14.9,0.11,sp|P27487|DPP4_HUMAN,Dipeptidyl peptidase 4 OS=Homo sapiens OX=9606 GN=DPP4 PE=1 SV=2
481,HLA-B*07:02,1,358,366,9,RPSEPHFTL,RPSEPHFTL,RPSEPHFTL,8.3,0.03,sp|P27487|DPP4_HUMAN,Dipeptidyl peptidase 4 OS=Homo sapiens OX=9606 GN=DPP4 PE=1 SV=2
482,HLA-B*15:01,1,414,422,9,YLYYISNEY,YLYYISNEY,YLYYISNEY,14.69,0.04,sp|P27487|DPP4_HUMAN,Dipeptidyl peptidase 4 OS=Homo sapiens OX=9606 GN=DPP4 PE=1 SV=2
483,HLA-B*35:01,1,217,225,9,SPNGTFLAY,SPNGTFLAY,SPNGTFLAY,3.88,0.02,sp|P27487|DPP4_HUMAN,Dipeptidyl peptidase 4 OS=Homo sapiens OX=9606 GN=DPP4 PE=1 SV=2
484,HLA-B*35:01,1,158,166,9,SPVGHKLAY,SPVGHKLAY,SPVGHKLAY,10.23,0.03,sp|P27487|DPP4_HUMAN,Dipeptidyl peptidase 4 OS=Homo sapiens OX=9606 GN=DPP4 PE=1 SV=2
485,HLA-B*35:01,1,248,256,9,YPKTVRVPY,YPKTVRVPY,YPKTVRVPY,14.0,0.04,sp|P27487|DPP4_HUMAN,Dipeptidyl peptidase 4 OS=Homo sapiens OX=9606 GN=DPP4 PE=1 SV=2
486,HLA-B*40:01,1,402,410,9,WEVIGIEAL,WEVIGIEAL,WEVIGIEAL,6.35,0.02,sp|P27487|DPP4_HUMAN,Dipeptidyl peptidase 4 OS=Homo sapiens OX=9606 GN=DPP4 PE=1 SV=2
487,HLA-B*58:01,1,208,216,9,FSAYSALWW,FSAYSALWW,FSAYSALWW,4.3,0.02,sp|P27487|DPP4_HUMAN,Dipeptidyl peptidase 4 OS=Homo sapiens OX=9606 GN=DPP4 PE=1 SV=2
488,HLA-B*58:01,1,651,659,9,IAVAPVSRW,IAVAPVSRW,IAVAPVSRW,6.86,0.04,sp|P27487|DPP4_HUMAN,Dipeptidyl peptidase 4 OS=Homo sapiens OX=9606 GN=DPP4 PE=1 SV=2
489,HLA-A*02:01,1,95,103,9,FLQTLNATL,FLQTLNATL,FLQTLNATL,8.68,0.08,sp|P13725|ONCM_HUMAN,Oncostatin-M OS=Homo sapiens OX=9606 GN=OSM PE=1 SV=2
490,HLA-A*02:01,1,9,17,9,TLLSLVLAL,TLLSLVLAL,TLLSLVLAL,11.03,0.1,sp|P13725|ONCM_HUMAN,Oncostatin-M OS=Homo sapiens OX=9606 GN=OSM PE=1 SV=2
491,HLA-A*02:03,1,95,103,9,FLQTLNATL,FLQTLNATL,FLQTLNATL,9.31,0.12,sp|P13725|ONCM_HUMAN,Oncostatin-M OS=Homo sapiens OX=9606 GN=OSM PE=1 SV=2
492,HLA-A*02:03,1,98,106,9,TLNATLGCV,TLNATLGCV,TLNATLGCV,10.07,0.13,sp|P13725|ONCM_HUMAN,Oncostatin-M OS=Homo sapiens OX=9606 GN=OSM PE=1 SV=2
493,HLA-A*23:01,1,193,201,9,RFLHGYHRF,RFLHGYHRF,RFLHGYHRF,7.06,0.02,sp|P13725|ONCM_HUMAN,Oncostatin-M OS=Homo sapiens OX=9606 GN=OSM PE=1 SV=2
494,HLA-A*24:02,1,193,201,9,RFLHGYHRF,RFLHGYHRF,RFLHGYHRF,10.88,0.03,sp|P13725|ONCM_HUMAN,Oncostatin-M OS=Homo sapiens OX=9606 GN=OSM PE=1 SV=2
495,HLA-A*30:01,1,234,242,9,RTRPSRKGK,RTRPSRKGK,RTRPSRKGK,5.75,0.02,sp|P13725|ONCM_HUMAN,Oncostatin-M OS=Homo sapiens OX=9606 GN=OSM PE=1 SV=2
496,HLA-A*68:01,1,203,211,9,HSVGRVFSK,HSVGRVFSK,HSVGRVFSK,13.36,0.13,sp|P13725|ONCM_HUMAN,Oncostatin-M OS=Homo sapiens OX=9606 GN=OSM PE=1 SV=2
497,HLA-A*68:01,1,85,93,9,ETLRGLGRR,ETLRGLGRR,ETLRGLGRR,14.74,0.14,sp|P13725|ONCM_HUMAN,Oncostatin-M OS=Homo sapiens OX=9606 GN=OSM PE=1 SV=2
498,HLA-B*07:02,1,236,244,9,RPSRKGKRL,RPSRKGKRL,RPSRKGKRL,12.72,0.04,sp|P13725|ONCM_HUMAN,Oncostatin-M OS=Homo sapiens OX=9606 GN=OSM PE=1 SV=2
499,HLA-B*15:01,1,201,209,9,FMHSVGRVF,FMHSVGRVF,FMHSVGRVF,5.83,0.02,sp|P13725|ONCM_HUMAN,Oncostatin-M OS=Homo sapiens OX=9606 GN=OSM PE=1 SV=2
500,HLA-B*35:01,1,19,27,9,FPSMASMAA,FPSMASMAA,FPSMASMAA,7.65,0.02,sp|P13725|ONCM_HUMAN,Oncostatin-M OS=Homo sapiens OX=9606 GN=OSM PE=1 SV=2
501,HLA-B*35:01,1,177,185,9,TPTPASDAF,TPTPASDAF,TPTPASDAF,8.94,0.02,sp|P13725|ONCM_HUMAN,Oncostatin-M OS=Homo sapiens OX=9606 GN=OSM PE=1 SV=2
502,HLA-A*02:01,1,665,673,9,KTYLYLCYV,KTYLYLCYV,KTYLYLCYV,14.48,0.14,sp|Q05516|ZBT16_HUMAN,Zinc finger and BTB domain-containing protein 16 OS=Homo sapiens OX=9606 GN=ZBTB16 PE=1 SV=2
503,HLA-A*02:01,1,28,36,9,RLAGTLCDV,RLAGTLCDV,RLAGTLCDV,14.83,0.15,sp|Q05516|ZBT16_HUMAN,Zinc finger and BTB domain-containing protein 16 OS=Homo sapiens OX=9606 GN=ZBTB16 PE=1 SV=2
504,HLA-A*02:03,1,28,36,9,RLAGTLCDV,RLAGTLCDV,RLAGTLCDV,4.94,0.05,sp|Q05516|ZBT16_HUMAN,Zinc finger and BTB domain-containing protein 16 OS=Homo sapiens OX=9606 GN=ZBTB16 PE=1 SV=2
505,HLA-A*02:03,1,205,213,9,SLMTIGQSL,SLMTIGQSL,SLMTIGQSL,14.07,0.22,sp|Q05516|ZBT16_HUMAN,Zinc finger and BTB domain-containing protein 16 OS=Homo sapiens OX=9606 GN=ZBTB16 PE=1 SV=2
506,HLA-A*02:03,1,665,673,9,KTYLYLCYV,KTYLYLCYV,KTYLYLCYV,14.39,0.22,sp|Q05516|ZBT16_HUMAN,Zinc finger and BTB domain-containing protein 16 OS=Homo sapiens OX=9606 GN=ZBTB16 PE=1 SV=2
507,HLA-A*02:06,1,665,673,9,KTYLYLCYV,KTYLYLCYV,KTYLYLCYV,5.29,0.04,sp|Q05516|ZBT16_HUMAN,Zinc finger and BTB domain-containing protein 16 OS=Homo sapiens OX=9606 GN=ZBTB16 PE=1 SV=2
508,HLA-A*02:06,1,587,595,9,HQLETHYRV,HQLETHYRV,HQLETHYRV,9.06,0.07,sp|Q05516|ZBT16_HUMAN,Zinc finger and BTB domain-containing protein 16 OS=Homo sapiens OX=9606 GN=ZBTB16 PE=1 SV=2
509,HLA-A*11:01,1,70,78,9,YTLDFLSPK,YTLDFLSPK,YTLDFLSPK,5.73,0.02,sp|Q05516|ZBT16_HUMAN,Zinc finger and BTB domain-containing protein 16 OS=Homo sapiens OX=9606 GN=ZBTB16 PE=1 SV=2
510,HLA-A*26:01,1,510,518,9,EVHAGVRSY,EVHAGVRSY,EVHAGVRSY,10.24,0.02,sp|Q05516|ZBT16_HUMAN,Zinc finger and BTB domain-containing protein 16 OS=Homo sapiens OX=9606 GN=ZBTB16 PE=1 SV=2
511,HLA-A*30:01,1,610,618,9,RSRDYSAMI,RSRDYSAMI,RSRDYSAMI,13.62,0.05,sp|Q05516|ZBT16_HUMAN,Zinc finger and BTB domain-containing protein 16 OS=Homo sapiens OX=9606 GN=ZBTB16 PE=1 SV=2
512,HLA-A*30:02,1,622,630,9,RTHNGASPY,RTHNGASPY,RTHNGASPY,10.44,0.01,sp|Q05516|ZBT16_HUMAN,Zinc finger and BTB domain-containing protein 16 OS=Homo sapiens OX=9606 GN=ZBTB16 PE=1 SV=2
513,HLA-A*31:01,1,57,65,9,KMFEILFHR,KMFEILFHR,KMFEILFHR,2.75,0.01,sp|Q05516|ZBT16_HUMAN,Zinc finger and BTB domain-containing protein 16 OS=Homo sapiens OX=9606 GN=ZBTB16 PE=1 SV=2
514,HLA-A*31:01,1,285,293,9,RSSVITSAR,RSSVITSAR,RSSVITSAR,8.43,0.04,sp|Q05516|ZBT16_HUMAN,Zinc finger and BTB domain-containing protein 16 OS=Homo sapiens OX=9606 GN=ZBTB16 PE=1 SV=2
515,HLA-A*31:01,1,530,538,9,HTALKRHLR,HTALKRHLR,HTALKRHLR,9.89,0.04,sp|Q05516|ZBT16_HUMAN,Zinc finger and BTB domain-containing protein 16 OS=Homo sapiens OX=9606 GN=ZBTB16 PE=1 SV=2
516,HLA-A*31:01,1,291,299,9,SARELHYGR,SARELHYGR,SARELHYGR,11.52,0.05,sp|Q05516|ZBT16_HUMAN,Zinc finger and BTB domain-containing protein 16 OS=Homo sapiens OX=9606 GN=ZBTB16 PE=1 SV=2
517,HLA-A*31:01,1,440,448,9,RFLDSLRLR,RFLDSLRLR,RFLDSLRLR,11.67,0.05,sp|Q05516|ZBT16_HUMAN,Zinc finger and BTB domain-containing protein 16 OS=Homo sapiens OX=9606 GN=ZBTB16 PE=1 SV=2
518,HLA-A*31:01,1,614,622,9,YSAMIKHLR,YSAMIKHLR,YSAMIKHLR,12.5,0.06,sp|Q05516|ZBT16_HUMAN,Zinc finger and BTB domain-containing protein 16 OS=Homo sapiens OX=9606 GN=ZBTB16 PE=1 SV=2
519,HLA-A*33:01,1,41,49,9,DSQEFHAHR,DSQEFHAHR,DSQEFHAHR,14.37,0.02,sp|Q05516|ZBT16_HUMAN,Zinc finger and BTB domain-containing protein 16 OS=Homo sapiens OX=9606 GN=ZBTB16 PE=1 SV=2
520,HLA-A*68:01,1,614,622,9,YSAMIKHLR,YSAMIKHLR,YSAMIKHLR,4.5,0.02,sp|Q05516|ZBT16_HUMAN,Zinc finger and BTB domain-containing protein 16 OS=Homo sapiens OX=9606 GN=ZBTB16 PE=1 SV=2
521,HLA-A*68:01,1,70,78,9,YTLDFLSPK,YTLDFLSPK,YTLDFLSPK,6.51,0.04,sp|Q05516|ZBT16_HUMAN,Zinc finger and BTB domain-containing protein 16 OS=Homo sapiens OX=9606 GN=ZBTB16 PE=1 SV=2
522,HLA-A*68:01,1,530,538,9,HTALKRHLR,HTALKRHLR,HTALKRHLR,10.64,0.09,sp|Q05516|ZBT16_HUMAN,Zinc finger and BTB domain-containing protein 16 OS=Homo sapiens OX=9606 GN=ZBTB16 PE=1 SV=2
523,HLA-A*68:02,1,454,462,9,HSAGAKAFV,HSAGAKAFV,HSAGAKAFV,10.78,0.08,sp|Q05516|ZBT16_HUMAN,Zinc finger and BTB domain-containing protein 16 OS=Homo sapiens OX=9606 GN=ZBTB16 PE=1 SV=2
524,HLA-B*07:02,1,348,356,9,MPSSVTSGL,MPSSVTSGL,MPSSVTSGL,9.93,0.03,sp|Q05516|ZBT16_HUMAN,Zinc finger and BTB domain-containing protein 16 OS=Homo sapiens OX=9606 GN=ZBTB16 PE=1 SV=2
525,HLA-B*08:01,1,444,452,9,SLRLRMHLL,SLRLRMHLL,SLRLRMHLL,9.64,0.02,sp|Q05516|ZBT16_HUMAN,Zinc finger and BTB domain-containing protein 16 OS=Homo sapiens OX=9606 GN=ZBTB16 PE=1 SV=2
526,HLA-B*35:01,1,348,356,9,MPSSVTSGL,MPSSVTSGL,MPSSVTSGL,12.77,0.04,sp|Q05516|ZBT16_HUMAN,Zinc finger and BTB domain-containing protein 16 OS=Homo sapiens OX=9606 GN=ZBTB16 PE=1 SV=2
527,HLA-B*40:01,1,84,92,9,LEYAYTATL,LEYAYTATL,LEYAYTATL,8.82,0.02,sp|Q05516|ZBT16_HUMAN,Zinc finger and BTB domain-containing protein 16 OS=Homo sapiens OX=9606 GN=ZBTB16 PE=1 SV=2
528,HLA-A*02:01,1,144,152,9,LLLDLSQPL,LLLDLSQPL,LLLDLSQPL,5.45,0.04,sp|Q9NPY3|C1QR1_HUMAN,Complement component C1q receptor OS=Homo sapiens OX=9606 GN=CD93 PE=1 SV=3
529,HLA-A*02:01,1,585,593,9,YILGTVVAI,YILGTVVAI,YILGTVVAI,12.07,0.11,sp|Q9NPY3|C1QR1_HUMAN,Complement component C1q receptor OS=Homo sapiens OX=9606 GN=CD93 PE=1 SV=3
530,HLA-A*02:01,1,595,603,9,LLLALALGL,LLLALALGL,LLLALALGL,12.55,0.12,sp|Q9NPY3|C1QR1_HUMAN,Complement component C1q receptor OS=Homo sapiens OX=9606 GN=CD93 PE=1 SV=3
531,HLA-A*02:03,1,582,590,9,LLFYILGTV,LLFYILGTV,LLFYILGTV,6.96,0.08,sp|Q9NPY3|C1QR1_HUMAN,Complement component C1q receptor OS=Homo sapiens OX=9606 GN=CD93 PE=1 SV=3
532,HLA-A*02:06,1,585,593,9,YILGTVVAI,YILGTVVAI,YILGTVVAI,8.67,0.06,sp|Q9NPY3|C1QR1_HUMAN,Complement component C1q receptor OS=Homo sapiens OX=9606 GN=CD93 PE=1 SV=3
533,HLA-A*02:06,1,144,152,9,LLLDLSQPL,LLLDLSQPL,LLLDLSQPL,10.38,0.09,sp|Q9NPY3|C1QR1_HUMAN,Complement component C1q receptor OS=Homo sapiens OX=9606 GN=CD93 PE=1 SV=3
534,HLA-A*31:01,1,74,82,9,RVLAQLLRR,RVLAQLLRR,RVLAQLLRR,10.96,0.05,sp|Q9NPY3|C1QR1_HUMAN,Complement component C1q receptor OS=Homo sapiens OX=9606 GN=CD93 PE=1 SV=3
535,HLA-A*32:01,1,89,97,9,RMSKFWIGL,RMSKFWIGL,RMSKFWIGL,12.52,0.02,sp|Q9NPY3|C1QR1_HUMAN,Complement component C1q receptor OS=Homo sapiens OX=9606 GN=CD93 PE=1 SV=3
536,HLA-A*68:01,1,626,634,9,DSYSWVPER,DSYSWVPER,DSYSWVPER,11.57,0.1,sp|Q9NPY3|C1QR1_HUMAN,Complement component C1q receptor OS=Homo sapiens OX=9606 GN=CD93 PE=1 SV=3
537,HLA-A*68:02,1,207,215,9,TTSSSLEAV,TTSSSLEAV,TTSSSLEAV,9.03,0.06,sp|Q9NPY3|C1QR1_HUMAN,Complement component C1q receptor OS=Homo sapiens OX=9606 GN=CD93 PE=1 SV=3
538,HLA-A*68:02,1,623,631,9,NAADSYSWV,NAADSYSWV,NAADSYSWV,10.07,0.07,sp|Q9NPY3|C1QR1_HUMAN,Complement component C1q receptor OS=Homo sapiens OX=9606 GN=CD93 PE=1 SV=3
539,HLA-B*07:02,1,513,521,9,TPTTSRPSL,TPTTSRPSL,TPTTSRPSL,9.48,0.03,sp|Q9NPY3|C1QR1_HUMAN,Complement component C1q receptor OS=Homo sapiens OX=9606 GN=CD93 PE=1 SV=3
540,HLA-B*15:01,1,197,205,9,GQVTYTTPF,GQVTYTTPF,GQVTYTTPF,5.7,0.02,sp|Q9NPY3|C1QR1_HUMAN,Complement component C1q receptor OS=Homo sapiens OX=9606 GN=CD93 PE=1 SV=3
541,HLA-B*57:01,1,86,94,9,LTARMSKFW,LTARMSKFW,LTARMSKFW,9.77,0.02,sp|Q9NPY3|C1QR1_HUMAN,Complement component C1q receptor OS=Homo sapiens OX=9606 GN=CD93 PE=1 SV=3
542,HLA-B*58:01,1,86,94,9,LTARMSKFW,LTARMSKFW,LTARMSKFW,5.9,0.03,sp|Q9NPY3|C1QR1_HUMAN,Complement component C1q receptor OS=Homo sapiens OX=9606 GN=CD93 PE=1 SV=3
